-- phpMyAdmin SQL Dump
-- version 4.4.10
-- http://www.phpmyadmin.net
--
-- Host: jiudin.rdsm8833unmye07.rds.bj.baidubce.com
-- Generation Time: 2016-02-16 15:21:31
-- 服务器版本： 5.6.20-baidu-20150209-log
-- PHP Version: 5.5.27

SET SQL_MODE = "NO_AUTO_VALUE_ON_ZERO";
SET time_zone = "+00:00";


/*!40101 SET @OLD_CHARACTER_SET_CLIENT=@@CHARACTER_SET_CLIENT */;
/*!40101 SET @OLD_CHARACTER_SET_RESULTS=@@CHARACTER_SET_RESULTS */;
/*!40101 SET @OLD_COLLATION_CONNECTION=@@COLLATION_CONNECTION */;
/*!40101 SET NAMES utf8mb4 */;

--
-- Database: `jiudin`
--

-- --------------------------------------------------------

--
-- 表的结构 `jiudinchar`
--

CREATE TABLE IF NOT EXISTS `jiudinchar` (
  `id` int(6) NOT NULL COMMENT 'id',
  `name` varchar(128) NOT NULL,
  `content` varchar(1024) NOT NULL COMMENT '内容文字',
  `filltext` varchar(1024) DEFAULT NULL COMMENT '填字顺序'
) ENGINE=InnoDB DEFAULT CHARSET=utf8;

-- --------------------------------------------------------

--
-- 表的结构 `jiudinrecord`
--

CREATE TABLE IF NOT EXISTS `jiudinrecord` (
  `pid` int(6) NOT NULL COMMENT '九鼎诗id',
  `uname` varchar(128) NOT NULL COMMENT '用户',
  `answer` varchar(4096) DEFAULT NULL,
  `score` int(2) DEFAULT '0' COMMENT '赠送积分'
) ENGINE=InnoDB DEFAULT CHARSET=utf8;

--
-- 转存表中的数据 `jiudinrecord`
--

INSERT INTO `jiudinrecord` (`pid`, `uname`, `answer`, `score`) VALUES
(34, '18906001214', '[{"char":"分","rdx":"r11","idx":"0"},{"char":"苏","rdx":"r12","idx":"1"},{"char":"试","rdx":"r16","idx":"2"},{"char":"试","rdx":"r24","idx":"3"},{"char":"啊","rdx":"r23","idx":"4"}]', 0),
(34, 'admin', '[{"char":"分","rdx":"r11","idx":"0"},{"char":"苏","rdx":"r31","idx":"1"},{"char":"试","rdx":"r21","idx":"2"},{"char":"试","rdx":"r22","idx":"3"}]', 0),
(34, 'garden', '[{"char":"分","rdx":"r11","idx":"0"},{"char":"苏","rdx":"r13","idx":"1"},{"char":"试","rdx":"r1","idx":"2"},{"char":"试","rdx":"r4","idx":"3"}]', 0),
(34, 'test', '[{"char":"分","rdx":"r27","idx":"0"},{"char":"苏","rdx":"r2","idx":"1"},{"char":"试","rdx":"r20","idx":"2"},{"char":"试","rdx":"r9","idx":"3"},{"char":"啊","rdx":"r30","idx":"4"}]', 0),
(34, 'test2', '[{"char":"分","rdx":"r11","idx":"0"},{"char":"苏","rdx":"r18","idx":"1"},{"char":"试","rdx":"r2","idx":"2"},{"char":"试","rdx":"r28","idx":"3"}]', 0);

-- --------------------------------------------------------

--
-- 表的结构 `poem`
--

CREATE TABLE IF NOT EXISTS `poem` (
  `id` int(6) NOT NULL,
  `title` varchar(128) NOT NULL COMMENT '标题',
  `content` varchar(4096) NOT NULL COMMENT '内容',
  `type` int(2) NOT NULL DEFAULT '1' COMMENT '类型：1:初级，2:中级，3:高级',
  `answer` varchar(4096) DEFAULT NULL COMMENT '参考答案',
  `author` varchar(64) DEFAULT NULL COMMENT '作者'
) ENGINE=InnoDB AUTO_INCREMENT=144 DEFAULT CHARSET=utf8;

--
-- 转存表中的数据 `poem`
--

INSERT INTO `poem` (`id`, `title`, `content`, `type`, `answer`, `author`) VALUES
(1, '春晓', '春眠不觉晓，处处闻啼鸟。夜来风雨声，花落知多少。', 0, '[{"char":"春","rdx":"r12","idx":"0"},{"char":"眠","rdx":"r11","idx":"1"},{"char":"不","rdx":"r15","idx":"2"},{"char":"觉","rdx":"r18","idx":"3"},{"char":"晓","rdx":"r16","idx":"4"},{"char":"处","rdx":"r22","idx":"5"},{"char":"处","rdx":"r21","idx":"6"},{"char":"闻","rdx":"r23","idx":"7"},{"char":"啼","rdx":"r28","idx":"8"},{"char":"鸟","rdx":"r24","idx":"9"},{"char":"夜","rdx":"r13","idx":"10"},{"char":"来","rdx":"r14","idx":"11"},{"char":"风","rdx":"r26","idx":"12"},{"char":"雨","rdx":"r25","idx":"13"},{"char":"声","rdx":"r27","idx":"14"},{"char":"花","rdx":"r6","idx":"15"},{"char":"落","rdx":"r10","idx":"16"},{"char":"知","rdx":"r19","idx":"17"},{"char":"多","rdx":"r5","idx":"18"},{"char":"少","rdx":"r1","idx":"19"}]', '孟浩然'),
(2, '月下独酌', '花间一壶酒，独酌无相亲。 \n举杯邀明月，对影成三人。 \n月既不解饮，影徒随我身。 \n暂伴月将影，行乐须及春。 \n我歌月徘徊，我舞影零乱。 \n醒时同交欢，醉后各分散。 \n永结无情游，相期邈云汉。', 3, '[{"char":"花","rdx":"r12","idx":"0"},{"char":"间","rdx":"r11","idx":"1"},{"char":"一","rdx":"r27","idx":"2"},{"char":"壶","rdx":"r17","idx":"3"},{"char":"酒","rdx":"r20","idx":"4"},{"char":"独","rdx":"r28","idx":"5"},{"char":"酌","rdx":"r24","idx":"6"},{"char":"无","rdx":"r23","idx":"7"},{"char":"相","rdx":"r21","idx":"8"},{"char":"亲","rdx":"r22","idx":"9"},{"char":"举","rdx":"r16","idx":"10"},{"char":"杯","rdx":"r15","idx":"11"},{"char":"邀","rdx":"r41","idx":"12"},{"char":"明","rdx":"r43","idx":"13"},{"char":"月","rdx":"r44","idx":"14"},{"char":"对","rdx":"r42","idx":"15"},{"char":"影","rdx":"r18","idx":"16"},{"char":"成","rdx":"r26","idx":"17"},{"char":"三","rdx":"r25","idx":"18"},{"char":"人","rdx":"r9","idx":"19"},{"char":"既","rdx":"r32","idx":"21"},{"char":"不","rdx":"r31","idx":"22"},{"char":"解","rdx":"r33","idx":"23"},{"char":"饮","rdx":"r34","idx":"24"},{"char":"影","rdx":"r19","idx":"25"},{"char":"徒","rdx":"r5","idx":"26"},{"char":"随","rdx":"r1","idx":"27"},{"char":"我","rdx":"r6","idx":"28"},{"char":"身","rdx":"r10","idx":"29"},{"char":"暂","rdx":"r36","idx":"30"},{"char":"伴","rdx":"r35","idx":"31"},{"char":"月","rdx":"r29","idx":"32"},{"char":"将","rdx":"r30","idx":"33"},{"char":"影","rdx":"r14","idx":"34"},{"char":"行","rdx":"r39","idx":"35"},{"char":"乐","rdx":"r38","idx":"36"},{"char":"须","rdx":"r3","idx":"37"},{"char":"及","rdx":"r4","idx":"38"},{"char":"春","rdx":"r8","idx":"39"},{"char":"歌","rdx":"r75","idx":"41"},{"char":"月","rdx":"r82","idx":"42"},{"char":"徘","rdx":"r81","idx":"43"},{"char":"徊","rdx":"r74","idx":"44"},{"char":"我","rdx":"r37","idx":"45"},{"char":"舞","rdx":"r45","idx":"46"},{"char":"影","rdx":"r13","idx":"47"},{"char":"零","rdx":"r46","idx":"48"},{"char":"乱","rdx":"r40","idx":"49"},{"char":"醒","rdx":"r48","idx":"50"},{"char":"时","rdx":"r47","idx":"51"},{"char":"同","rdx":"r89","idx":"52"},{"char":"交","rdx":"r88","idx":"53"},{"char":"欢","rdx":"r84","idx":"54"},{"char":"醉","rdx":"r85","idx":"55"},{"char":"后","rdx":"r71","idx":"56"},{"char":"各","rdx":"r70","idx":"57"},{"char":"分","rdx":"r69","idx":"58"},{"char":"散","rdx":"r72","idx":"59"},{"char":"永","rdx":"r79","idx":"60"},{"char":"结","rdx":"r78","idx":"61"},{"char":"无","rdx":"r73","idx":"62"},{"char":"情","rdx":"r76","idx":"63"},{"char":"游","rdx":"r68","idx":"64"},{"char":"相","rdx":"r66","idx":"65"},{"char":"期","rdx":"r67","idx":"66"},{"char":"邈","rdx":"r65","idx":"67"},{"char":"云","rdx":"r87","idx":"68"},{"char":"汉","rdx":"r90","idx":"69"},{"char":"月","rdx":"r53","idx":"20"},{"char":"我","rdx":"r54","idx":"40"}]', '李白'),
(3, '登鹳雀楼', '白日依山尽，黄河入海流。 欲穷千里目，更上一层楼。', 0, '[{"char":"白","rdx":"r14","idx":"0"},{"char":"日","rdx":"r11","idx":"1"},{"char":"依","rdx":"r12","idx":"2"},{"char":"山","rdx":"r13","idx":"3"},{"char":"尽","rdx":"r17","idx":"4"},{"char":"黄","rdx":"r27","idx":"5"},{"char":"河","rdx":"r26","idx":"6"},{"char":"入","rdx":"r28","idx":"7"},{"char":"海","rdx":"r25","idx":"8"},{"char":"流","rdx":"r18","idx":"9"},{"char":"欲","rdx":"r19","idx":"10"},{"char":"穷","rdx":"r21","idx":"11"},{"char":"千","rdx":"r22","idx":"12"},{"char":"里","rdx":"r24","idx":"13"},{"char":"目","rdx":"r23","idx":"14"},{"char":"更","rdx":"r15","idx":"15"},{"char":"上","rdx":"r16","idx":"16"},{"char":"一","rdx":"r2","idx":"17"},{"char":"层","rdx":"r7","idx":"18"},{"char":"楼","rdx":"r20","idx":"19"}]', '王之涣'),
(4, '鹿柴', '空山不见人，但闻人语响。 返影入深林，复照青苔上。', 0, '[{"char":"空","rdx":"r12","idx":"0"},{"char":"山","rdx":"r11","idx":"1"},{"char":"不","rdx":"r27","idx":"2"},{"char":"见","rdx":"r1","idx":"3"},{"char":"人","rdx":"r13","idx":"4"},{"char":"但","rdx":"r15","idx":"5"},{"char":"闻","rdx":"r18","idx":"6"},{"char":"人","rdx":"r14","idx":"7"},{"char":"语","rdx":"r22","idx":"8"},{"char":"响","rdx":"r21","idx":"9"},{"char":"返","rdx":"r23","idx":"10"},{"char":"影","rdx":"r24","idx":"11"},{"char":"入","rdx":"r28","idx":"12"},{"char":"深","rdx":"r19","idx":"13"},{"char":"林","rdx":"r5","idx":"14"},{"char":"复","rdx":"r25","idx":"15"},{"char":"照","rdx":"r26","idx":"16"},{"char":"青","rdx":"r16","idx":"17"},{"char":"苔","rdx":"r6","idx":"18"},{"char":"上","rdx":"r10","idx":"19"}]', '王维'),
(5, '江雪', '千山鸟飞绝，万径人踪灭。 孤舟蓑笠翁，独钓寒江雪。', 0, '[{"char":"千","rdx":"r12","idx":"0"},{"char":"山","rdx":"r11","idx":"1"},{"char":"鸟","rdx":"r15","idx":"2"},{"char":"飞","rdx":"r21","idx":"3"},{"char":"绝","rdx":"r16","idx":"4"},{"char":"万","rdx":"r22","idx":"5"},{"char":"径","rdx":"r24","idx":"6"},{"char":"人","rdx":"r23","idx":"7"},{"char":"踪","rdx":"r28","idx":"8"},{"char":"灭","rdx":"r27","idx":"9"},{"char":"孤","rdx":"r14","idx":"10"},{"char":"舟","rdx":"r26","idx":"11"},{"char":"蓑","rdx":"r7","idx":"12"},{"char":"笠","rdx":"r2","idx":"13"},{"char":"翁","rdx":"r25","idx":"14"},{"char":"独","rdx":"r13","idx":"15"},{"char":"钓","rdx":"r17","idx":"16"},{"char":"寒","rdx":"r18","idx":"17"},{"char":"江","rdx":"r19","idx":"18"},{"char":"雪","rdx":"r20","idx":"19"}]', '柳宗元'),
(6, '相思', '红豆生南国，春来发几枝。 愿君多采撷，此物最相思。', 1, '[object Object],[object Object],[object Object],[object Object],[object Object],[object Object],[object Object],[object Object],[object Object],[object Object],[object Object],[object Object],[object Object],[object Object],[object Object],[object Object],[object Object],[object Object],[object Object],[object Object]', '王维'),
(7, '登乐游原', '向晚意不适，驱车登古原。 夕阳无限好，只是近黄昏。', 0, '[{"char":"向","rdx":"r12","idx":"0"},{"char":"晚","rdx":"r11","idx":"1"},{"char":"意","rdx":"r15","idx":"2"},{"char":"不","rdx":"r21","idx":"3"},{"char":"适","rdx":"r16","idx":"4"},{"char":"驱","rdx":"r22","idx":"5"},{"char":"车","rdx":"r24","idx":"6"},{"char":"登","rdx":"r23","idx":"7"},{"char":"古","rdx":"r19","idx":"8"},{"char":"原","rdx":"r18","idx":"9"},{"char":"夕","rdx":"r13","idx":"10"},{"char":"阳","rdx":"r14","idx":"11"},{"char":"无","rdx":"r26","idx":"12"},{"char":"限","rdx":"r28","idx":"13"},{"char":"好","rdx":"r25","idx":"14"},{"char":"只","rdx":"r27","idx":"15"},{"char":"是","rdx":"r17","idx":"16"},{"char":"近","rdx":"r20","idx":"17"},{"char":"黄","rdx":"r2","idx":"18"},{"char":"昏","rdx":"r7","idx":"19"}]', '李商隐'),
(8, '杂诗', '君自故乡来，应知故乡事。 来日绮窗前，寒梅著花未。', 1, '[{"char":"君","rdx":"r12","idx":"0"},{"char":"自","rdx":"r11","idx":"1"},{"char":"故","rdx":"r15","idx":"2"},{"char":"乡","rdx":"r21","idx":"3"},{"char":"来","rdx":"r16","idx":"4"},{"char":"应","rdx":"r22","idx":"5"},{"char":"知","rdx":"r24","idx":"6"},{"char":"故","rdx":"r23","idx":"7"},{"char":"事","rdx":"r18","idx":"9"},{"char":"日","rdx":"r14","idx":"11"},{"char":"绮","rdx":"r17","idx":"12"},{"char":"窗","rdx":"r13","idx":"13"},{"char":"前","rdx":"r27","idx":"14"},{"char":"寒","rdx":"r25","idx":"15"},{"char":"梅","rdx":"r28","idx":"16"},{"char":"著","rdx":"r26","idx":"17"},{"char":"花","rdx":"r19","idx":"18"},{"char":"未","rdx":"r20","idx":"19"},{"char":"乡","rdx":"r7","idx":"8"},{"char":"来","rdx":"r2","idx":"10"}]', '王维'),
(9, '弹琴', '泠泠七弦上，静听松风寒。 古调虽自爱，今人多不弹。', 0, '[{"char":"泠","rdx":"r12","idx":"0"},{"char":"泠","rdx":"r11","idx":"1"},{"char":"七","rdx":"r15","idx":"2"},{"char":"弦","rdx":"r21","idx":"3"},{"char":"上","rdx":"r23","idx":"4"},{"char":"静","rdx":"r24","idx":"5"},{"char":"听","rdx":"r22","idx":"6"},{"char":"松","rdx":"r16","idx":"7"},{"char":"风","rdx":"r14","idx":"8"},{"char":"寒","rdx":"r13","idx":"9"},{"char":"古","rdx":"r17","idx":"10"},{"char":"调","rdx":"r27","idx":"11"},{"char":"虽","rdx":"r26","idx":"12"},{"char":"自","rdx":"r25","idx":"13"},{"char":"爱","rdx":"r28","idx":"14"},{"char":"今","rdx":"r20","idx":"15"},{"char":"人","rdx":"r19","idx":"16"},{"char":"多","rdx":"r7","idx":"17"},{"char":"不","rdx":"r2","idx":"18"},{"char":"弹","rdx":"r18","idx":"19"}]', '刘长卿'),
(10, '草', '离离原上草，一岁一枯荣。 野火烧不尽。春风吹又生。 远芳侵古道，晴翠接荒城。 又送王孙去，萋萋满别情。', 2, '[{"char":"离","rdx":"r12","idx":"0"},{"char":"离","rdx":"r11","idx":"1"},{"char":"原","rdx":"r15","idx":"2"},{"char":"上","rdx":"r21","idx":"3"},{"char":"草","rdx":"r16","idx":"4"},{"char":"一","rdx":"r22","idx":"5"},{"char":"岁","rdx":"r24","idx":"6"},{"char":"一","rdx":"r23","idx":"7"},{"char":"枯","rdx":"r19","idx":"8"},{"char":"荣","rdx":"r18","idx":"9"},{"char":"野","rdx":"r13","idx":"10"},{"char":"火","rdx":"r14","idx":"11"},{"char":"烧","rdx":"r6","idx":"12"},{"char":"不","rdx":"r1","idx":"13"},{"char":"尽","rdx":"r5","idx":"14"},{"char":"春","rdx":"r10","idx":"15"},{"char":"风","rdx":"r26","idx":"16"},{"char":"吹","rdx":"r27","idx":"17"},{"char":"生","rdx":"r28","idx":"19"},{"char":"远","rdx":"r35","idx":"20"},{"char":"芳","rdx":"r3","idx":"21"},{"char":"侵","rdx":"r41","idx":"22"},{"char":"古","rdx":"r29","idx":"23"},{"char":"道","rdx":"r42","idx":"24"},{"char":"晴","rdx":"r44","idx":"25"},{"char":"翠","rdx":"r30","idx":"26"},{"char":"接","rdx":"r43","idx":"27"},{"char":"荒","rdx":"r36","idx":"28"},{"char":"城","rdx":"r7","idx":"29"},{"char":"送","rdx":"r31","idx":"31"},{"char":"王","rdx":"r32","idx":"32"},{"char":"孙","rdx":"r34","idx":"33"},{"char":"去","rdx":"r33","idx":"34"},{"char":"萋","rdx":"r4","idx":"35"},{"char":"萋","rdx":"r8","idx":"36"},{"char":"满","rdx":"r9","idx":"37"},{"char":"别","rdx":"r2","idx":"38"},{"char":"情","rdx":"r17","idx":"39"},{"char":"又","rdx":"r25","idx":"18"},{"char":"又","rdx":"r20","idx":"30"}]', '白居易'),
(11, '静夜思', '床前明月光，疑是地上霜。 举头望明月，低头思故乡。', 1, '[{"char":"床","rdx":"r15","idx":"0"},{"char":"前","rdx":"r12","idx":"1"},{"char":"明","rdx":"r11","idx":"2"},{"char":"月","rdx":"r16","idx":"3"},{"char":"疑","rdx":"r23","idx":"5"},{"char":"光","rdx":"r24","idx":"4"},{"char":"是","rdx":"r21","idx":"6"},{"char":"地","rdx":"r25","idx":"7"},{"char":"上","rdx":"r13","idx":"8"},{"char":"霜","rdx":"r14","idx":"9"},{"char":"举","rdx":"r17","idx":"10"},{"char":"头","rdx":"r18","idx":"11"},{"char":"望","rdx":"r1","idx":"12"},{"char":"明","rdx":"r3","idx":"13"},{"char":"月","rdx":"r5","idx":"14"},{"char":"低","rdx":"r20","idx":"15"},{"char":"头","rdx":"r19","idx":"16"},{"char":"思","rdx":"r10","idx":"17"},{"char":"故","rdx":"r9","idx":"18"},{"char":"乡","rdx":"r6","idx":"19"}]', '李白'),
(13, '游子吟', '慈母手中线，游子身上衣。 临行密密缝，意恐迟迟归。 谁言寸草心，报得三春晖。', 1, '[{"char":"手","rdx":"r15","idx":"2"},{"char":"中","rdx":"r18","idx":"3"},{"char":"慈","rdx":"r12","idx":"0"},{"char":"母","rdx":"r23","idx":"1"},{"char":"线","rdx":"r16","idx":"4"},{"char":"游","rdx":"r22","idx":"5"},{"char":"子","rdx":"r24","idx":"6"},{"char":"身","rdx":"r21","idx":"7"},{"char":"上","rdx":"r20","idx":"8"},{"char":"衣","rdx":"r28","idx":"9"},{"char":"临","rdx":"r25","idx":"10"},{"char":"行","rdx":"r26","idx":"11"},{"char":"密","rdx":"r1","idx":"12"},{"char":"密","rdx":"r6","idx":"13"},{"char":"缝","rdx":"r17","idx":"14"},{"char":"意","rdx":"r29","idx":"15"},{"char":"恐","rdx":"r30","idx":"16"},{"char":"迟","rdx":"r11","idx":"18"},{"char":"归","rdx":"r13","idx":"19"},{"char":"迟","rdx":"r27","idx":"17"},{"char":"谁","rdx":"r14","idx":"20"},{"char":"言","rdx":"r9","idx":"21"},{"char":"寸","rdx":"r10","idx":"22"},{"char":"草","rdx":"r5","idx":"23"},{"char":"心","rdx":"r19","idx":"24"},{"char":"报","rdx":"r36","idx":"25"},{"char":"得","rdx":"r35","idx":"26"},{"char":"三","rdx":"r3","idx":"27"},{"char":"春","rdx":"r4","idx":"28"},{"char":"晖","rdx":"r8","idx":"29"}]', '李白'),
(14, '登岳阳楼', '昔闻洞庭水，今上岳阳楼。 吴楚东南坼，乾坤日夜浮。 亲朋无一字，老病有孤舟。 戎马关山北，凭轩涕泗流。', 2, '[{"char":"昔","rdx":"r12","idx":"0"},{"char":"闻","rdx":"r11","idx":"1"},{"char":"洞","rdx":"r27","idx":"2"},{"char":"庭","rdx":"r25","idx":"3"},{"char":"水","rdx":"r26","idx":"4"},{"char":"今","rdx":"r22","idx":"5"},{"char":"上","rdx":"r14","idx":"6"},{"char":"岳","rdx":"r13","idx":"7"},{"char":"阳","rdx":"r17","idx":"8"},{"char":"楼","rdx":"r18","idx":"9"},{"char":"吴","rdx":"r9","idx":"10"},{"char":"楚","rdx":"r3","idx":"11"},{"char":"东","rdx":"r1","idx":"12"},{"char":"南","rdx":"r38","idx":"13"},{"char":"坼","rdx":"r39","idx":"14"},{"char":"乾","rdx":"r40","idx":"15"},{"char":"坤","rdx":"r45","idx":"16"},{"char":"日","rdx":"r23","idx":"17"},{"char":"夜","rdx":"r24","idx":"18"},{"char":"浮","rdx":"r28","idx":"19"},{"char":"亲","rdx":"r47","idx":"20"},{"char":"朋","rdx":"r46","idx":"21"},{"char":"无","rdx":"r21","idx":"22"},{"char":"一","rdx":"r20","idx":"23"},{"char":"字","rdx":"r48","idx":"24"},{"char":"老","rdx":"r36","idx":"25"},{"char":"病","rdx":"r35","idx":"26"},{"char":"有","rdx":"r19","idx":"27"},{"char":"孤","rdx":"r29","idx":"28"},{"char":"舟","rdx":"r30","idx":"29"},{"char":"戎","rdx":"r43","idx":"30"},{"char":"马","rdx":"r44","idx":"31"},{"char":"关","rdx":"r16","idx":"32"},{"char":"山","rdx":"r15","idx":"33"},{"char":"北","rdx":"r41","idx":"34"},{"char":"凭","rdx":"r42","idx":"35"},{"char":"轩","rdx":"r37","idx":"36"},{"char":"涕","rdx":"r5","idx":"37"},{"char":"泗","rdx":"r10","idx":"38"},{"char":"流","rdx":"r6","idx":"39"}]', '杜甫'),
(16, '送杜少府之任蜀州', '城阙辅三秦，风烟望五津。 与君离别意，同是宦游人。 海内存知己，天涯若比邻。 无为在岐路，儿女共沾巾。', 2, '[{"char":"城","rdx":"r14","idx":"0"},{"char":"阙","rdx":"r12","idx":"1"},{"char":"辅","rdx":"r11","idx":"2"},{"char":"三","rdx":"r15","idx":"3"},{"char":"秦","rdx":"r21","idx":"4"},{"char":"风","rdx":"r16","idx":"5"},{"char":"烟","rdx":"r22","idx":"6"},{"char":"望","rdx":"r24","idx":"7"},{"char":"五","rdx":"r23","idx":"8"},{"char":"津","rdx":"r19","idx":"9"},{"char":"与","rdx":"r18","idx":"10"},{"char":"君","rdx":"r13","idx":"11"},{"char":"离","rdx":"r41","idx":"12"},{"char":"别","rdx":"r43","idx":"13"},{"char":"意","rdx":"r44","idx":"14"},{"char":"同","rdx":"r42","idx":"15"},{"char":"是","rdx":"r25","idx":"16"},{"char":"宦","rdx":"r27","idx":"17"},{"char":"游","rdx":"r26","idx":"18"},{"char":"人","rdx":"r28","idx":"19"},{"char":"海","rdx":"r20","idx":"20"},{"char":"内","rdx":"r17","idx":"21"},{"char":"存","rdx":"r6","idx":"22"},{"char":"知","rdx":"r7","idx":"23"},{"char":"己","rdx":"r2","idx":"24"},{"char":"天","rdx":"r29","idx":"25"},{"char":"涯","rdx":"r30","idx":"26"},{"char":"若","rdx":"r36","idx":"27"},{"char":"比","rdx":"r35","idx":"28"},{"char":"邻","rdx":"r1","idx":"29"},{"char":"无","rdx":"r37","idx":"30"},{"char":"为","rdx":"r40","idx":"31"},{"char":"在","rdx":"r48","idx":"32"},{"char":"岐","rdx":"r45","idx":"33"},{"char":"路","rdx":"r47","idx":"34"},{"char":"儿","rdx":"r39","idx":"35"},{"char":"女","rdx":"r38","idx":"36"},{"char":"共","rdx":"r46","idx":"37"},{"char":"沾","rdx":"r5","idx":"38"},{"char":"巾","rdx":"r10","idx":"39"}]', '王勃'),
(18, '渭城曲', '渭城朝雨浥轻尘，客舍青青柳色新。  劝君更尽一杯酒，西出阳关无故人。', 0, '[{"char":"渭","rdx":"r27","idx":"0"},{"char":"朝","rdx":"r28","idx":"2"},{"char":"城","rdx":"r25","idx":"1"},{"char":"雨","rdx":"r26","idx":"3"},{"char":"浥","rdx":"r16","idx":"4"},{"char":"轻","rdx":"r14","idx":"5"},{"char":"尘","rdx":"r12","idx":"6"},{"char":"客","rdx":"r11","idx":"7"},{"char":"舍","rdx":"r13","idx":"8"},{"char":"青","rdx":"r15","idx":"9"},{"char":"青","rdx":"r21","idx":"10"},{"char":"柳","rdx":"r22","idx":"11"},{"char":"色","rdx":"r24","idx":"12"},{"char":"新","rdx":"r23","idx":"13"},{"char":"劝","rdx":"r35","idx":"14"},{"char":"君","rdx":"r29","idx":"15"},{"char":"更","rdx":"r30","idx":"16"},{"char":"尽","rdx":"r36","idx":"17"},{"char":"一","rdx":"r20","idx":"18"},{"char":"杯","rdx":"r19","idx":"19"},{"char":"酒","rdx":"r18","idx":"20"},{"char":"西","rdx":"r6","idx":"21"},{"char":"出","rdx":"r10","idx":"22"},{"char":"阳","rdx":"r5","idx":"23"},{"char":"关","rdx":"r1","idx":"24"},{"char":"无","rdx":"r17","idx":"25"},{"char":"故","rdx":"r7","idx":"26"},{"char":"人","rdx":"r2","idx":"27"}]', '王维'),
(19, '送孟浩然之广陵', '故人西辞黄鹤楼，烟花三月下扬州。  孤帆远影碧空尽，惟见长江天际流。', 0, '[{"char":"故","rdx":"r12","idx":"0"},{"char":"人","rdx":"r11","idx":"1"},{"char":"西","rdx":"r14","idx":"2"},{"char":"辞","rdx":"r13","idx":"3"},{"char":"黄","rdx":"r29","idx":"4"},{"char":"鹤","rdx":"r30","idx":"5"},{"char":"楼","rdx":"r27","idx":"6"},{"char":"烟","rdx":"r26","idx":"7"},{"char":"花","rdx":"r25","idx":"8"},{"char":"三","rdx":"r15","idx":"9"},{"char":"月","rdx":"r16","idx":"10"},{"char":"下","rdx":"r22","idx":"11"},{"char":"扬","rdx":"r24","idx":"12"},{"char":"州","rdx":"r23","idx":"13"},{"char":"孤","rdx":"r28","idx":"14"},{"char":"帆","rdx":"r36","idx":"15"},{"char":"远","rdx":"r35","idx":"16"},{"char":"影","rdx":"r1","idx":"17"},{"char":"碧","rdx":"r6","idx":"18"},{"char":"空","rdx":"r10","idx":"19"},{"char":"尽","rdx":"r5","idx":"20"},{"char":"惟","rdx":"r21","idx":"21"},{"char":"见","rdx":"r20","idx":"22"},{"char":"长","rdx":"r19","idx":"23"},{"char":"江","rdx":"r18","idx":"24"},{"char":"天","rdx":"r17","idx":"25"},{"char":"际","rdx":"r7","idx":"26"},{"char":"流","rdx":"r2","idx":"27"}]', '李白'),
(20, '出塞', '秦时明月汉时关，万里长征人未还。  但使龙城飞将在，不教胡马渡阴山。', 0, '[{"char":"秦","rdx":"r12","idx":"0"},{"char":"时","rdx":"r11","idx":"1"},{"char":"明","rdx":"r15","idx":"2"},{"char":"月","rdx":"r16","idx":"3"},{"char":"汉","rdx":"r27","idx":"4"},{"char":"关","rdx":"r17","idx":"6"},{"char":"万","rdx":"r25","idx":"7"},{"char":"里","rdx":"r26","idx":"8"},{"char":"长","rdx":"r28","idx":"9"},{"char":"征","rdx":"r20","idx":"10"},{"char":"人","rdx":"r22","idx":"11"},{"char":"未","rdx":"r24","idx":"12"},{"char":"还","rdx":"r23","idx":"13"},{"char":"但","rdx":"r21","idx":"14"},{"char":"使","rdx":"r35","idx":"15"},{"char":"龙","rdx":"r36","idx":"16"},{"char":"城","rdx":"r6","idx":"17"},{"char":"飞","rdx":"r30","idx":"18"},{"char":"将","rdx":"r29","idx":"19"},{"char":"在","rdx":"r1","idx":"20"},{"char":"不","rdx":"r5","idx":"21"},{"char":"教","rdx":"r10","idx":"22"},{"char":"胡","rdx":"r7","idx":"23"},{"char":"马","rdx":"r2","idx":"24"},{"char":"渡","rdx":"r19","idx":"25"},{"char":"阴","rdx":"r14","idx":"26"},{"char":"山","rdx":"r13","idx":"27"},{"char":"时","rdx":"r18","idx":"5"}]', '王昌龄'),
(21, '枫桥夜泊', '月落乌啼霜满天，江枫渔火对愁眠。  姑苏城外寒山寺，夜半钟声到客船。', 1, '[{"char":"月","rdx":"r27","idx":"0"},{"char":"落","rdx":"r26","idx":"1"},{"char":"乌","rdx":"r28","idx":"2"},{"char":"啼","rdx":"r25","idx":"3"},{"char":"天","rdx":"r12","idx":"6"},{"char":"江","rdx":"r11","idx":"7"},{"char":"霜","rdx":"r29","idx":"4"},{"char":"满","rdx":"r30","idx":"5"},{"char":"渔","rdx":"r13","idx":"9"},{"char":"火","rdx":"r15","idx":"10"},{"char":"枫","rdx":"r14","idx":"8"},{"char":"对","rdx":"r16","idx":"11"},{"char":"愁","rdx":"r18","idx":"12"},{"char":"眠","rdx":"r17","idx":"13"},{"char":"姑","rdx":"r1","idx":"14"},{"char":"苏","rdx":"r6","idx":"15"},{"char":"城","rdx":"r10","idx":"16"},{"char":"外","rdx":"r36","idx":"17"},{"char":"寒","rdx":"r35","idx":"18"},{"char":"山","rdx":"r5","idx":"19"},{"char":"寺","rdx":"r21","idx":"20"},{"char":"夜","rdx":"r22","idx":"21"},{"char":"半","rdx":"r24","idx":"22"},{"char":"钟","rdx":"r23","idx":"23"},{"char":"声","rdx":"r20","idx":"24"},{"char":"到","rdx":"r19","idx":"25"},{"char":"客","rdx":"r2","idx":"26"},{"char":"船","rdx":"r7","idx":"27"}]', '张继'),
(22, '咏柳', '碧玉妆成一树高，万条垂下绿丝绦。  不知细叶谁裁出，二月春风似剪刀。', 0, '[{"char":"碧","rdx":"r12","idx":"0"},{"char":"玉","rdx":"r11","idx":"1"},{"char":"妆","rdx":"r27","idx":"2"},{"char":"成","rdx":"r17","idx":"3"},{"char":"一","rdx":"r18","idx":"4"},{"char":"树","rdx":"r19","idx":"5"},{"char":"高","rdx":"r28","idx":"6"},{"char":"万","rdx":"r26","idx":"7"},{"char":"条","rdx":"r25","idx":"8"},{"char":"垂","rdx":"r15","idx":"9"},{"char":"下","rdx":"r16","idx":"10"},{"char":"绿","rdx":"r22","idx":"11"},{"char":"丝","rdx":"r20","idx":"12"},{"char":"绦","rdx":"r21","idx":"13"},{"char":"不","rdx":"r5","idx":"14"},{"char":"知","rdx":"r1","idx":"15"},{"char":"细","rdx":"r6","idx":"16"},{"char":"叶","rdx":"r10","idx":"17"},{"char":"谁","rdx":"r30","idx":"18"},{"char":"裁","rdx":"r35","idx":"19"},{"char":"出","rdx":"r36","idx":"20"},{"char":"二","rdx":"r24","idx":"21"},{"char":"月","rdx":"r23","idx":"22"},{"char":"春","rdx":"r13","idx":"23"},{"char":"风","rdx":"r14","idx":"24"},{"char":"似","rdx":"r29","idx":"25"},{"char":"剪","rdx":"r2","idx":"26"},{"char":"刀","rdx":"r7","idx":"27"}]', '贺知章'),
(23, '乌衣巷', '朱雀桥边野草花，乌衣巷口夕阳斜。  旧时王谢堂前燕，飞入寻常百姓家。', 0, '[{"char":"朱","rdx":"r12","idx":"0"},{"char":"雀","rdx":"r11","idx":"1"},{"char":"桥","rdx":"r15","idx":"2"},{"char":"边","rdx":"r21","idx":"3"},{"char":"野","rdx":"r16","idx":"4"},{"char":"草","rdx":"r22","idx":"5"},{"char":"花","rdx":"r24","idx":"6"},{"char":"衣","rdx":"r28","idx":"8"},{"char":"乌","rdx":"r23","idx":"7"},{"char":"巷","rdx":"r26","idx":"9"},{"char":"口","rdx":"r25","idx":"10"},{"char":"夕","rdx":"r13","idx":"11"},{"char":"阳","rdx":"r14","idx":"12"},{"char":"斜","rdx":"r27","idx":"13"},{"char":"旧","rdx":"r29","idx":"14"},{"char":"时","rdx":"r30","idx":"15"},{"char":"王","rdx":"r36","idx":"16"},{"char":"谢","rdx":"r35","idx":"17"},{"char":"堂","rdx":"r1","idx":"18"},{"char":"前","rdx":"r6","idx":"19"},{"char":"燕","rdx":"r17","idx":"20"},{"char":"飞","rdx":"r2","idx":"21"},{"char":"入","rdx":"r7","idx":"22"},{"char":"寻","rdx":"r10","idx":"23"},{"char":"常","rdx":"r5","idx":"24"},{"char":"百","rdx":"r20","idx":"25"},{"char":"姓","rdx":"r19","idx":"26"},{"char":"家","rdx":"r18","idx":"27"}]', '刘禹锡'),
(25, '清明', '清明时节雨纷纷，路上行人欲断魂。  借问酒家何处有，牧童遥指杏花村。', 0, '[{"char":"清","rdx":"r12","idx":"0"},{"char":"明","rdx":"r11","idx":"1"},{"char":"时","rdx":"r15","idx":"2"},{"char":"节","rdx":"r21","idx":"3"},{"char":"雨","rdx":"r16","idx":"4"},{"char":"纷","rdx":"r22","idx":"5"},{"char":"纷","rdx":"r20","idx":"6"},{"char":"路","rdx":"r28","idx":"7"},{"char":"上","rdx":"r25","idx":"8"},{"char":"行","rdx":"r27","idx":"9"},{"char":"人","rdx":"r26","idx":"10"},{"char":"欲","rdx":"r24","idx":"11"},{"char":"断","rdx":"r23","idx":"12"},{"char":"魂","rdx":"r19","idx":"13"},{"char":"借","rdx":"r10","idx":"14"},{"char":"问","rdx":"r5","idx":"15"},{"char":"酒","rdx":"r18","idx":"16"},{"char":"家","rdx":"r17","idx":"17"},{"char":"何","rdx":"r13","idx":"18"},{"char":"处","rdx":"r14","idx":"19"},{"char":"有","rdx":"r30","idx":"20"},{"char":"牧","rdx":"r29","idx":"21"},{"char":"童","rdx":"r1","idx":"22"},{"char":"遥","rdx":"r35","idx":"23"},{"char":"指","rdx":"r36","idx":"24"},{"char":"杏","rdx":"r6","idx":"25"},{"char":"花","rdx":"r7","idx":"26"},{"char":"村","rdx":"r2","idx":"27"}]', '杜牧'),
(26, '山行', '远上寒山石径斜，白云生处有人家。  停车坐爱枫林晚，霜叶红于二月花。', 0, '[{"char":"人","rdx":"r18","idx":"12"},{"char":"家","rdx":"r17","idx":"13"},{"char":"停","rdx":"r30","idx":"14"},{"char":"车","rdx":"r29","idx":"15"},{"char":"坐","rdx":"r35","idx":"16"},{"char":"爱","rdx":"r36","idx":"17"},{"char":"枫","rdx":"r9","idx":"18"},{"char":"林","rdx":"r3","idx":"19"},{"char":"晚","rdx":"r5","idx":"20"},{"char":"霜","rdx":"r1","idx":"21"},{"char":"叶","rdx":"r6","idx":"22"},{"char":"红","rdx":"r10","idx":"23"},{"char":"于","rdx":"r19","idx":"24"},{"char":"远","rdx":"r14","idx":"0"},{"char":"上","rdx":"r12","idx":"1"},{"char":"寒","rdx":"r11","idx":"2"},{"char":"山","rdx":"r15","idx":"3"},{"char":"石","rdx":"r13","idx":"4"},{"char":"径","rdx":"r16","idx":"5"},{"char":"斜","rdx":"r22","idx":"6"},{"char":"白","rdx":"r21","idx":"7"},{"char":"云","rdx":"r25","idx":"8"},{"char":"生","rdx":"r27","idx":"9"},{"char":"处","rdx":"r26","idx":"10"},{"char":"有","rdx":"r28","idx":"11"},{"char":"二","rdx":"r24","idx":"25"},{"char":"月","rdx":"r23","idx":"26"},{"char":"花","rdx":"r20","idx":"27"}]', '杜牧'),
(31, '贾生', '宣室求贤访逐臣，贾生才调更无伦。\n可怜夜半虚前席，不问苍生问鬼神。', 0, '[{"char":"宣","rdx":"r27","idx":"0"},{"char":"室","rdx":"r17","idx":"1"},{"char":"求","rdx":"r18","idx":"2"},{"char":"贤","rdx":"r19","idx":"3"},{"char":"访","rdx":"r20","idx":"4"},{"char":"逐","rdx":"r28","idx":"5"},{"char":"臣","rdx":"r25","idx":"6"},{"char":"贾","rdx":"r26","idx":"7"},{"char":"生","rdx":"r14","idx":"8"},{"char":"才","rdx":"r12","idx":"9"},{"char":"调","rdx":"r11","idx":"10"},{"char":"更","rdx":"r15","idx":"11"},{"char":"无","rdx":"r21","idx":"12"},{"char":"伦","rdx":"r16","idx":"13"},{"char":"可","rdx":"r22","idx":"14"},{"char":"怜","rdx":"r24","idx":"15"},{"char":"夜","rdx":"r23","idx":"16"},{"char":"半","rdx":"r13","idx":"17"},{"char":"虚","rdx":"r29","idx":"18"},{"char":"前","rdx":"r30","idx":"19"},{"char":"席","rdx":"r36","idx":"20"},{"char":"不","rdx":"r35","idx":"21"},{"char":"问","rdx":"r1","idx":"22"},{"char":"苍","rdx":"r6","idx":"23"},{"char":"生","rdx":"r5","idx":"24"},{"char":"问","rdx":"r10","idx":"25"},{"char":"鬼","rdx":"r7","idx":"26"},{"char":"神","rdx":"r2","idx":"27"}]', '李商隐'),
(34, '分苏试试', '分苏试试啊', 4, '[{"char":"分","rdx":"r13","idx":"0"},{"char":"苏","rdx":"r4","idx":"1"},{"char":"试","rdx":"r10","idx":"2"},{"char":"试","rdx":"r35","idx":"3"}]', ''),
(35, '从军行', '朔方烽火照甘泉，长安飞将出祁连。\n犀渠玉剑良家子，白马金羁侠少年。\n平明偃月屯右地，薄暮鱼丽逐左贤。\n谷中石虎经衔箭，山上金人曾祭天。\n天涯一去无穷已，蓟门迢递三千里。\n朝见马岭黄沙合，夕望龙城阵云起。\n庭中奇树已堪攀，塞外征人殊未还。\n白云初下天山外，浮云直向五原间。\n关山万里不可越，谁能坐对芳菲月。\n流水本自断人肠，坚冰旧来伤马骨。\n边庭节物与华异，冬霰秋霜春不歇。\n长风萧萧渡水来，归雁连连映天没。\n从军行，军行万里出龙庭，单于渭桥今已拜，将军何处觅功名。 ', 3, '', '卢思道'),
(36, ' 陋室铭', '山不在高，有仙则名。水不在深，有龙则灵。斯是陋室，惟吾德馨。苔痕上阶绿，草色入帘青。谈笑有鸿儒，往来无白丁。可以调素琴，阅金经。无丝竹之乱耳，无案牍之劳形。南阳诸葛庐，西蜀子云亭。孔子云：何陋之有？', 3, '[{"char":"山","rdx":"r27","idx":"0"},{"char":"不","rdx":"r25","idx":"1"},{"char":"在","rdx":"r26","idx":"2"},{"char":"高","rdx":"r20","idx":"3"},{"char":"有","rdx":"r19","idx":"4"},{"char":"仙","rdx":"r21","idx":"5"},{"char":"则","rdx":"r45","idx":"6"},{"char":"名","rdx":"r23","idx":"7"},{"char":"水","rdx":"r28","idx":"8"},{"char":"深","rdx":"r17","idx":"11"},{"char":"龙","rdx":"r22","idx":"13"},{"char":"则","rdx":"r48","idx":"14"},{"char":"灵","rdx":"r24","idx":"15"},{"char":"斯","rdx":"r47","idx":"16"},{"char":"是","rdx":"r46","idx":"17"},{"char":"陋","rdx":"r38","idx":"18"},{"char":"室","rdx":"r39","idx":"19"},{"char":"惟","rdx":"r6","idx":"20"},{"char":"吾","rdx":"r10","idx":"21"},{"char":"德","rdx":"r5","idx":"22"},{"char":"馨","rdx":"r1","idx":"23"},{"char":"苔","rdx":"r2","idx":"24"},{"char":"痕","rdx":"r7","idx":"25"},{"char":"上","rdx":"r36","idx":"26"},{"char":"阶","rdx":"r35","idx":"27"},{"char":"绿","rdx":"r29","idx":"28"},{"char":"草","rdx":"r30","idx":"29"},{"char":"色","rdx":"r32","idx":"30"},{"char":"入","rdx":"r18","idx":"31"},{"char":"帘","rdx":"r31","idx":"32"},{"char":"青","rdx":"r13","idx":"33"},{"char":"谈","rdx":"r15","idx":"34"},{"char":"笑","rdx":"r16","idx":"35"},{"char":"鸿","rdx":"r3","idx":"37"},{"char":"儒","rdx":"r9","idx":"38"},{"char":"往","rdx":"r44","idx":"39"},{"char":"来","rdx":"r42","idx":"40"},{"char":"无","rdx":"r41","idx":"41"},{"char":"白","rdx":"r43","idx":"42"},{"char":"丁","rdx":"r14","idx":"43"},{"char":"可","rdx":"r40","idx":"44"},{"char":"以","rdx":"r37","idx":"45"},{"char":"调","rdx":"r74","idx":"46"},{"char":"素","rdx":"r75","idx":"47"},{"char":"琴","rdx":"r79","idx":"48"},{"char":"阅","rdx":"r78","idx":"49"},{"char":"金","rdx":"r81","idx":"50"},{"char":"经","rdx":"r82","idx":"51"},{"char":"无","rdx":"r85","idx":"52"},{"char":"丝","rdx":"r84","idx":"53"},{"char":"竹","rdx":"r66","idx":"54"},{"char":"之","rdx":"r67","idx":"55"},{"char":"乱","rdx":"r89","idx":"56"},{"char":"耳","rdx":"r88","idx":"57"},{"char":"案","rdx":"r76","idx":"59"},{"char":"牍","rdx":"r73","idx":"60"},{"char":"之","rdx":"r65","idx":"61"},{"char":"劳","rdx":"r69","idx":"62"},{"char":"形","rdx":"r71","idx":"63"},{"char":"南","rdx":"r72","idx":"64"},{"char":"阳","rdx":"r68","idx":"65"},{"char":"诸","rdx":"r12","idx":"66"},{"char":"葛","rdx":"r11","idx":"67"},{"char":"庐","rdx":"r70","idx":"68"},{"char":"西","rdx":"r34","idx":"69"},{"char":"蜀","rdx":"r33","idx":"70"},{"char":"子","rdx":"r4","idx":"71"},{"char":"云","rdx":"r8","idx":"72"},{"char":"亭","rdx":"r87","idx":"73"},{"char":"孔","rdx":"r93","idx":"74"},{"char":"何","rdx":"r94","idx":"77"},{"char":"陋","rdx":"r95","idx":"78"},{"char":"之","rdx":"r90","idx":"79"}]', '刘禹锡'),
(37, ' 芙蓉楼送辛渐', '寒雨连江夜入吴，平明送客楚山孤。\n洛阳亲友如相问，一片冰心在玉壶。 ', 1, '[{"char":"寒","rdx":"r12","idx":"0"},{"char":"雨","rdx":"r11","idx":"1"},{"char":"连","rdx":"r15","idx":"2"},{"char":"夜","rdx":"r16","idx":"4"},{"char":"入","rdx":"r22","idx":"5"},{"char":"江","rdx":"r18","idx":"3"},{"char":"吴","rdx":"r21","idx":"6"},{"char":"平","rdx":"r25","idx":"7"},{"char":"明","rdx":"r27","idx":"8"},{"char":"送","rdx":"r26","idx":"9"},{"char":"客","rdx":"r28","idx":"10"},{"char":"楚","rdx":"r36","idx":"11"},{"char":"山","rdx":"r35","idx":"12"},{"char":"洛","rdx":"r23","idx":"14"},{"char":"阳","rdx":"r24","idx":"15"},{"char":"亲","rdx":"r14","idx":"16"},{"char":"友","rdx":"r13","idx":"17"},{"char":"如","rdx":"r29","idx":"18"},{"char":"相","rdx":"r30","idx":"19"},{"char":"问","rdx":"r17","idx":"20"},{"char":"孤","rdx":"r19","idx":"13"},{"char":"一","rdx":"r20","idx":"21"},{"char":"片","rdx":"r5","idx":"22"},{"char":"冰","rdx":"r2","idx":"23"},{"char":"心","rdx":"r1","idx":"24"},{"char":"在","rdx":"r6","idx":"25"},{"char":"玉","rdx":"r7","idx":"26"},{"char":"壶","rdx":"r10","idx":"27"}]', '王昌龄'),
(38, '茅屋为秋风所破歌', '八月秋高风怒号，卷我屋上三重茅。茅飞渡江洒江郊，高者挂罥长林梢，下者飘转沉塘坳。\n南村群童欺我老无力，忍能对面为盗贼，公然抱茅入竹去。唇焦口燥呼不得，归来倚杖自叹息。\n俄顷风定云墨色，秋天漠漠向昏黑。布衾多年冷似铁，娇儿恶卧踏里裂。床头屋漏无干处，雨脚如麻未断绝。自经丧乱少睡眠，长夜沾湿何由彻?\n安得广厦千万间，大庇天下寒士俱欢颜，风雨不动安如山！呜呼！何时眼前突兀见此屋，吾庐独破受冻死亦足！ ', 3, '', '杜甫'),
(39, ' 钱塘湖春行', '孤山寺北贾亭西，水面初平云脚低。\n几处早莺争暖树，谁家新燕啄春泥。\n乱花渐欲迷人眼，浅草才能没马蹄。\n最爱湖东行不足，绿杨阴里白沙堤。 ', 3, '', '白居易'),
(40, '春夜喜雨', '好雨知时节，当春乃发生。\n随风潜入夜，润物细无声。\n野径云俱黑，江船火独明。\n晓看红湿处，花重锦官城。 ', 2, '', '杜甫'),
(41, ' 秋词', '自古逢秋悲寂寥，我言秋日胜春朝。\n晴空一鹤排云上，便引诗情到碧霄。 ', 1, '', '刘禹锡'),
(42, ' 嫦娥', '云母屏风烛影深，长河渐落晓星沉。\n嫦娥应悔偷灵药，碧海青天夜夜心。 ', 0, '', '李商隐'),
(43, '秋夕', '银烛秋光冷画屏，轻罗小扇扑流萤。\n天阶夜色凉如水，卧看牵牛织女星。', 1, '', '杜牧'),
(44, ' 无题·相见时难别亦难', '相见时难别亦难，东风无力百花残。\n春蚕到死丝方尽，蜡炬成灰泪始干。\n晓镜但愁云鬓改，夜吟应觉月光寒。\n蓬山此去无多路，青鸟殷勤为探看。', 3, '', '李商隐'),
(45, ' 过故人庄', '故人具鸡黍，邀我至田家。\n绿树村边合，青山郭外斜。\n开轩面场圃，把酒话桑麻。\n待到重阳日，还来就菊花。 ', 2, '', '孟浩然'),
(46, ' 山中', '荆溪白石出，天寒红叶稀。\n山路元无雨，空翠湿人衣。 ', 1, '', '王维'),
(47, ' 使至塞上', '单车欲问边，属国过居延。\n征蓬出汉塞，归雁入胡天。\n大漠孤烟直，长河落日圆。\n萧关逢候骑，都护在燕然。 ', 2, '', '王维'),
(48, '元日', '爆竹声中一岁除，春风送暖入屠苏。\n千门万户曈曈日，总把新桃换旧符。', 1, '', '王安石'),
(49, '卜算子·咏梅', '驿外断桥边，寂寞开无主。已是黄昏独自愁，更著风和雨。\n无意苦争春，一任群芳妒。零落成泥碾作尘，只有香如故。 ', 2, '', '陆游'),
(50, '念奴娇·赤壁怀古', '大江东去，浪淘尽，千古风流人物。\n故垒西边，人道是，三国周郎赤壁。\n乱石穿空，惊涛拍岸，卷起千堆雪。\n江山如画，一时多少豪杰。\n遥想公瑾当年，小乔初嫁了，雄姿英发。\n羽扇纶巾，谈笑间，樯橹灰飞烟灭。\n故国神游，多情应笑我，早生华发。\n人生如梦，一樽还酹江月。', 3, '', '苏轼'),
(51, ' 过零丁洋', '辛苦遭逢起一经，干戈寥落四周星。\n山河破碎风飘絮，身世浮沉雨打萍。\n惶恐滩头说惶恐，零丁洋里叹零丁。\n人生自古谁无死？留取丹心照汗青。', 3, '', '文天祥'),
(52, '小池', '泉眼无声惜细流，树阴照水爱晴柔。\n小荷才露尖尖角，早有蜻蜓立上头。', 1, '', '杨万里'),
(53, '西江月·夜行黄沙道中', '明月别枝惊鹊，清风半夜鸣蝉。稻花香里说丰年，听取蛙声一片。\n七八个星天外，两三点雨山前。旧时茅店社林边，路转溪头忽见。', 3, '', '辛弃疾'),
(54, ' 青玉案·元夕', '东风夜放花千树。更吹落、星如雨。宝马雕车香满路。凤箫声动，玉壶光转，一夜鱼龙舞。\n蛾儿雪柳黄金缕。笑语盈盈暗香去。众里寻他千百度。蓦然回首，那人却在，灯火阑珊处。 ', 3, '', '辛弃疾'),
(55, ' 武陵春·春晚', '风住尘香花已尽，日晚倦梳头。物是人非事事休，欲语泪先流。\n闻说双溪春尚好，也拟泛轻舟。只恐双溪舴艋舟，载不动许多愁。', 3, '', '李清照'),
(56, ' 游山西村', '莫笑农家腊酒浑，丰年留客足鸡豚。\n山重水复疑无路，柳暗花明又一村。\n箫鼓追随春社近，衣冠简朴古风存。\n从今若许闲乘月，拄杖无时夜叩门。', 3, '', '陆游'),
(57, '渔家傲·秋思', '塞下秋来风景异，衡阳雁去无留意。四面边声连角起，千嶂里，长烟落日孤城闭。\n浊酒一杯家万里，燕然未勒归无计。羌管悠悠霜满地，人不寐，将军白发征夫泪。 ', 3, '', '范仲淹'),
(58, '浪淘沙令·帘外雨潺潺', '帘外雨潺潺，春意阑珊。罗衾不耐五更寒。梦里不知身是客，一晌贪欢。\n独自莫凭栏，无限江山，别时容易见时难。流水落花春去也，天上人间。 ', 3, '', '李煜'),
(59, ' 长相思·一重山', '一重山，两重山。山远天高烟水寒，相思枫叶丹。\n菊花开，菊花残。塞雁高飞人未还，一帘风月闲。 ', 1, '', '李煜'),
(60, '拜年', '不求见面惟通谒，名纸朝来满敝庐。\n我亦随人投数纸，世情嫌简不嫌虚。 ', 1, '', '文征明'),
(61, '明日歌', '明日复明日，明日何其多。\n我生待明日，万事成蹉跎。\n世人若被明日累，春去秋来老将至。\n朝看水东流，暮看日西坠。\n百年明日能几何？请君听我明日歌。', 3, '', '钱福'),
(62, ' 己亥杂诗·其五', '浩荡离愁白日斜，吟鞭东指即天涯。\n落红不是无情物，化作春泥更护花。 ', 1, '', '龚自珍'),
(63, '所见', '牧童骑黄牛，歌声振林樾。\n意欲捕鸣蝉，忽然闭口立。 ', 1, '', '袁枚'),
(64, ' 宿新市徐公店', '篱落疏疏一径深，树头花落未成阴。\n儿童急走追黄蝶，飞入菜花无处寻。 ', 1, '', '杨万里'),
(65, '钗头凤·红酥手', '红酥手，黄縢酒，满城春色宫墙柳。东风恶，欢情薄。一怀愁绪，几年离索。错、错、错。\n春如旧，人空瘦，泪痕红浥鲛绡透。桃花落，闲池阁。山盟虽在，锦书难托。莫、莫、莫！ ', 3, '', '陆游'),
(66, ' 游园不值', '应怜屐齿印苍苔，小扣柴扉久不开。\n春色满园关不住，一枝红杏出墙来。', 1, '', '叶绍翁'),
(67, '题临安邸', '山外青山楼外楼，西湖歌舞几时休？\n暖风熏得游人醉，直把杭州作汴州。', 1, '', '林升'),
(68, ' 除夜雪', '北风吹雪四更初，嘉瑞天教及岁除。\n半盏屠苏犹未举，灯前小草写桃符。 ', 1, '', '陆游'),
(69, '蝶恋花·庭院深深深几许', '庭院深深深几许，杨柳堆烟，帘幕无重数。玉勒雕鞍游冶处，楼高不见章台路。\n雨横风狂三月暮，门掩黄昏，无计留春住。泪眼问花花不语，乱红飞过秋千去。 ', 3, '', '欧阳修'),
(70, '生查子·元夕', '去年元夜时，花市灯如昼。\n月上柳梢头，人约黄昏后。\n今年元夜时，月与灯依旧。\n不见去年人，泪湿春衫袖。', 2, '', '欧阳修'),
(71, ' 夜书所见', '萧萧梧叶送寒声，江上秋风动客情。\n知有儿童挑促织，夜深篱落一灯明。', 1, '', '叶绍翁'),
(72, ' 渔家傲·天接云涛连晓雾', '天接云涛连晓雾。星河欲转千帆舞。仿佛梦魂归帝所。闻天语。殷勤问我归何处。\n我报路长嗟日暮。学诗谩有惊人句。九万里风鹏正举。风休住。蓬舟吹取三山去。 ', 3, '', '李清照'),
(73, '钗头凤·世情薄', '世情薄，人情恶，雨送黄昏花易落。晓风干，泪痕残。欲笺心事，独语斜阑。难，难，难！\n人成各，今非昨，病魂常似秋千索。角声寒，夜阑珊。怕人寻问，咽泪装欢。瞒，瞒，瞒！', 3, '', '唐婉'),
(74, '浣溪沙·簌簌衣巾落枣花', '簌簌衣巾落枣花，村南村北响缲车，牛衣古柳卖黄瓜。\n酒困路长惟欲睡，日高人渴漫思茶。敲门试问野人家。', 2, '', '苏轼'),
(75, ' 诉衷情·当年万里觅封侯', '当年万里觅封侯。匹马戍梁州。关河梦断何处，尘暗旧貂裘。\n胡未灭，鬓先秋。泪空流。此生谁料，心在天山，身老沧洲。', 2, '', '陆游'),
(76, '清平乐·年年雪里', '年年雪里。常插梅花醉。挼尽梅花无好意。赢得满衣清泪。\n今年海角天涯。萧萧两鬓生华。看取晚来风势，故应难看梅花。 ', 2, '', '李清照'),
(77, ' 正气歌', '天地有正气，杂然赋流形。下则为河岳，上则为日星。\n于人曰浩然，沛乎塞苍冥。皇路当清夷，含和吐明庭。\n时穷节乃见，一一垂丹青。在齐太史简，在晋董狐笔。\n在秦张良椎，在汉苏武节。为严将军头，为嵇侍中血。\n为张睢阳齿，为颜常山舌。或为辽东帽，清操厉冰雪。\n或为出师表，鬼神泣壮烈。或为渡江楫，慷慨吞胡羯。\n或为击贼笏，逆竖头破裂。是气所磅礴，凛烈万古存。\n当其贯日月，生死安足论。地维赖以立，天柱赖以尊。\n三纲实系命，道义为之根。嗟予遘阳九，隶也实不力。\n楚囚缨其冠，传车送穷北。鼎镬甘如饴，求之不可得。\n阴房阗鬼火，春院閟天黑。牛骥同一皂，鸡栖凤凰食。\n一朝蒙雾露，分作沟中瘠。如此再寒暑，百沴自辟易。\n嗟哉沮洳场，为我安乐国。岂有他缪巧，阴阳不能贼。\n顾此耿耿在，仰视浮云白。悠悠我心悲，苍天曷有极。\n哲人日已远，典刑在夙昔。风檐展书读，古道照颜色。', 3, '', '文天祥'),
(78, ' 清明', '佳节清明桃李笑，野田荒冢只生愁。\n雷惊天地龙蛇蛰，雨足郊原草木柔。\n人乞祭余骄妾妇，士甘焚死不公侯。\n贤愚千载知谁是，满眼蓬蒿共一丘。', 3, '', '黄庭坚'),
(79, ' 虞美人·听雨', '少年听雨歌楼上。红烛昏罗帐。壮年听雨客舟中。江阔云低、断雁叫西风。\n而今听雨僧庐下。鬓已星星也。悲欢离合总无情。一任阶前、点滴到天明。 ', 3, '', '蒋捷'),
(80, ' 行香子·秋与', '昨夜霜风。先入梧桐。浑无处、回避衰容。问公何事，不语书空。但一回醉一回病，一回慵；\n朝来庭下，光阴如箭，似无言、有意伤侬。都将万事，付与千钟。任酒花白，眼花乱，烛花红。 ', 3, '', '苏轼'),
(81, ' 登岳阳楼', '洞庭之东江水西，帘旌不动夕阳迟。\n登临吴蜀横分地，徙倚湖山欲暮时。\n万里来游还望远，三年多难更凭危。\n白头吊古风霜里，老木沧波无限悲。\n\n天入平湖晴不风，夕帆和雁正浮空。\n楼头客子杪秋后，日落君山元气中。\n北望可堪回白首，南游聊得看丹枫。\n翰林物色分留少，诗到巴陵还未工。', 3, '', '陈与义'),
(82, '阳关曲·中秋月', '暮云收尽溢清寒。银汉无声转玉盘。\n此生此夜不长好，明月明年何处看。', 1, '', '苏轼'),
(83, ' 鲁山山行', '适与野情惬，千山高复低。\n好峰随处改，幽径独行迷。\n霜落熊升树，林空鹿饮溪。\n人家在何许？云外一声鸡', 2, '', '梅尧臣'),
(84, ' 书愤五首·其一', '早岁那知世事艰，中原北望气如山。\n楼船夜雪瓜洲渡，铁马秋风大散关。\n塞上长城空自许，镜中衰鬓已先斑。\n出师一表真名世，千载谁堪伯仲间！ ', 3, '', '陆游'),
(85, '蝶恋花·泪湿罗衣脂粉满', '泪湿罗衣脂粉满。四叠阳关，唱到千千遍。人道山长水又断。萧萧微雨闻孤馆。\n惜别伤离方寸乱。忘了临行，酒盏深和浅。好把音书凭过雁。东莱不似蓬莱远。 ', 3, '', '李清照'),
(86, ' 山园小梅·其一', '众芳摇落独暄妍，占尽风情向小园。\n疏影横斜水清浅，暗香浮动月黄昏。\n霜禽欲下先偷眼，粉蝶如知合断魂。\n幸有微吟可相狎，不须檀板共金尊。', 3, '', '林逋'),
(87, ' 小重山·昨夜寒蛩不住鸣', '昨夜寒蛩不住鸣。惊回千里梦，已三更。起来独自绕阶行。人悄悄，帘外月胧明。\n白首为功名。旧山松竹老，阻归程。欲将心事付瑶琴。知音少，弦断有谁听。 ', 3, '', '岳飞'),
(88, '临安春雨初霁', '世味年来薄似纱，谁令骑马客京华。\n小楼一夜听春雨，深巷明朝卖杏花。\n矮纸斜行闲作草，晴窗细乳戏分茶。\n素衣莫起风尘叹，犹及清明可到家。', 3, '', '陆游'),
(89, ' 望江南·超然台作', '春未老，风细柳斜斜。试上超然台上看，半壕春水一城花。烟雨暗千家。\n寒食后，酒醒却咨嗟。休对故人思故国，且将新火试新茶。诗酒趁年华。', 3, '', '苏轼'),
(90, ' 病起书怀', '病骨支离纱帽宽，孤臣万里客江干。\n位卑未敢忘忧国，事定犹须待阖棺。\n天地神灵扶庙社，京华父老望和銮。\n出师一表通今古，夜半挑灯更细看。 ', 3, '', '陆游'),
(91, '水调歌头·安石在东海', '安石在东海，从事鬓惊秋。中年亲友难别，丝竹缓离愁。一旦功成名遂，准拟东还海道，扶病入西州。雅志困轩冕，遗恨寄沧洲。\n岁云暮，须早计，要褐裘。故乡归去千里，佳处辄迟留。我醉歌时君和，醉倒须君扶我，惟酒可忘忧。一任刘玄德，相对卧高楼。', 3, '', '苏轼'),
(92, '浪淘沙·把酒祝东风', '把酒祝东风，且共从容。垂杨紫陌洛城东。总是当时携手处，游遍芳丛。\n聚散苦匆匆，此恨无穷。今年花胜去年红。可惜明年花更好，知与谁同？ ', 3, '', '欧阳修'),
(93, ' 观刈麦', '田家少闲月，五月人倍忙。\n夜来南风起，小麦覆陇黄。\n妇姑荷箪食，童稚携壶浆，\n相随饷田去，丁壮在南冈。\n足蒸暑土气，背灼炎天光，\n力尽不知热，但惜夏日长。\n复有贫妇人，抱子在其旁，\n右手秉遗穗，左臂悬敝筐。\n听其相顾言，闻者为悲伤。\n家田输税尽，拾此充饥肠。\n今我何功德？曾不事农桑。\n吏禄三百石，岁晏有余粮，\n念此私自愧，尽日不能忘。 ', 3, '', '白居易'),
(94, ' 渡荆门送别', '渡远荆门外，来从楚国游。\n山随平野尽，江入大荒流。\n月下飞天镜，云生结海楼。\n仍怜故乡水，万里送行舟。', 2, '', '李白'),
(95, '三五七言 / 秋风词', '秋风清，秋月明，\n落叶聚还散，寒鸦栖复惊。\n相思相见知何日？此时此夜难为情！\n入我相思门，知我相思苦。\n长相思兮长相忆，短相思兮无穷极。\n早知如此绊人心，何如当初莫相识。 ', 3, '', '李白'),
(96, ' 卖炭翁', '卖炭翁，伐薪烧炭南山中。\n满面尘灰烟火色，两鬓苍苍十指黑。\n卖炭得钱何所营？身上衣裳口中食。\n可怜身上衣正单，心忧炭贱愿天寒。\n夜来城外一尺雪，晓驾炭车辗冰辙。\n牛困人饥日已高，市南门外泥中歇。\n翩翩两骑来是谁？黄衣使者白衫儿。\n手把文书口称敕，回车叱牛牵向北。\n一车炭，千余斤，宫使驱将惜不得。\n半匹红绡一丈绫，系向牛头充炭直。', 3, '', '白居易'),
(97, '忆江南·江南好', '江南好，风景旧曾谙。日出江花红胜火，春来江水绿如蓝。能不忆江南？', 1, '', '白居易'),
(98, ' 月夜忆舍弟', '戍鼓断人行，边秋一雁声。\n露从今夜白，月是故乡明。\n有弟皆分散，无家问死生。\n寄书长不达，况乃未休兵。 ', 2, '', '唐 杜甫'),
(99, ' 泊秦淮', '烟笼寒水月笼沙，夜泊秦淮近酒家。\n商女不知亡国恨，隔江犹唱后庭花。 ', 1, '', '杜牧'),
(100, '雁门太守行', '黑云压城城欲摧，甲光向日金鳞开。\n角声满天秋色里，塞上燕脂凝夜紫。\n半卷红旗临易水，霜重鼓寒声不起。\n报君黄金台上意，提携玉龙为君死！ ', 3, '', '李贺'),
(101, '锦瑟', '锦瑟无端五十弦，一弦一柱思华年。\n庄生晓梦迷蝴蝶，望帝春心托杜鹃。\n沧海月明珠有泪，蓝田日暖玉生烟。\n此情可待成追忆？只是当时已惘然。 ', 3, '', '李商隐'),
(102, ' 登高', '锦瑟无端五十弦，一弦一柱思华年。\n庄生晓梦迷蝴蝶，望帝春心托杜鹃。\n沧海月明珠有泪，蓝田日暖玉生烟。\n此情可待成追忆？只是当时已惘然。 ', 3, '', '杜甫'),
(103, ' 古朗月行', '小时不识月，呼作白玉盘。\n又疑瑶台镜，飞在青云端。\n仙人垂两足，桂树何团团。\n白兔捣药成，问言与谁餐？\n蟾蜍蚀圆影，大明夜已残。\n羿昔落九乌，天人清且安。\n阴精此沦惑，去去不足观。\n忧来其如何？凄怆摧心肝。', 3, '', '李白'),
(104, ' 从军行七首·其四', '青海长云暗雪山，孤城遥望玉门关。\n黄沙百战穿金甲，不破楼兰终不还。 ', 1, '', '王昌龄'),
(105, ' 关山月', '明月出天山，苍茫云海间。\n长风几万里，吹度玉门关。\n汉下白登道，胡窥青海湾。\n由来征战地，不见有人还。\n戍客望边邑，思归多苦颜。\n高楼当此夜，叹息未应闲。 ', 3, '', '李白'),
(106, '野望', '东皋薄暮望，徙倚欲何依。\n树树皆秋色，山山唯落晖。\n牧人驱犊返，猎马带禽归。\n相顾无相识，长歌怀采薇。', 2, '', '王绩'),
(107, ' 劝学诗', '三更灯火五更鸡，正是男儿读书时。\n黑发不知勤学早，白首方悔读书迟。', 1, '', '颜真卿'),
(108, ' 商山早行', '晨起动征铎，客行悲故乡。\n鸡声茅店月，人迹板桥霜。\n槲叶落山路，枳花明驿墙。\n因思杜陵梦，凫雁满回塘。', 2, '', '温庭筠'),
(109, ' 大林寺桃花', '人间四月芳菲尽，山寺桃花始盛开。\n长恨春归无觅处，不知转入此中来。 ', 1, '', '白居易'),
(110, ' 忆江南词三首', '江南好，风景旧曾谙；日出江花红胜火，春来江水绿如蓝。能不忆江南？\n\n江南忆，最忆是杭州；山寺月中寻桂子，郡亭枕上看潮头。何日更重游！\n\n江南忆，其次忆吴宫；吴酒一杯春竹叶，吴娃双舞醉芙蓉。早晚复相逢！', 3, '', '白居易'),
(111, ' 寻陆鸿渐不遇', '移家虽带郭，野径入桑麻。近种篱边菊，秋来未著花。\n扣门无犬吠，欲去问西家。报道山中去，归时每日斜。 ', 2, '', '皎然'),
(112, ' 独坐敬亭山', '众鸟高飞尽，孤云独去闲。\n相看两不厌，只有敬亭山。', 1, '', '李白'),
(113, ' 江畔独步寻花·其五', '黄师塔前江水东，春光懒困倚微风。\n桃花一簇开无主，可爱深红爱浅红？ ', 1, '', '杜甫'),
(114, ' 天竺寺八月十五日夜桂子', '玉颗珊珊下月轮，殿前拾得露华新。\n至今不会天中事，应是嫦娥掷与人。 ', 1, '', '皮日休'),
(115, ' 绝句二首', '迟日江山丽，春风花草香。\n泥融飞燕子，沙暖睡鸳鸯。\n\n江碧鸟逾白，山青花欲燃。\n今春看又过，何日是归年。', 2, '', '杜甫'),
(116, ' 别董大二首', '千里黄云白日曛，北风吹雁雪纷纷。\n莫愁前路无知己，天下谁人不识君。\n\n六翮飘飖私自怜，一离京洛十余年。\n丈夫贫贱应未足，今日相逢无酒钱。', 3, '', '高适'),
(117, ' 江畔独步寻花七绝句', '江上被花恼不彻，无处告诉只颠狂。\n走觅南邻爱酒伴，经旬出饮独空床。\n\n稠花乱蕊畏江滨，行步欹危实怕春。\n诗酒尚堪驱使在，未须料理白头人。\n\n江深竹静两三家，多事红花映白花。\n报答春光知有处，应须美酒送生涯。\n\n东望少城花满烟，百花高楼更可怜。\n谁能载酒开金盏，唤取佳人舞绣筵。\n\n黄师塔前江水东，春光懒困倚微风。\n桃花一簇开无主，可爱深红爱浅红？\n\n黄四娘家花满蹊，千朵万朵压枝低。\n留连戏蝶时时舞，自在娇莺恰恰啼。\n\n不是爱花即欲死，只恐花尽老相催。\n繁枝容易纷纷落，嫩蕊商量细细开。', 3, '', '杜甫'),
(118, ' 长相思·其一', '长相思，在长安。\n络纬秋啼金井阑，微霜凄凄簟色寒。\n孤灯不明思欲绝，卷帷望月空长叹。\n美人如花隔云端！\n上有青冥之长天，下有渌水之波澜。\n天长路远魂飞苦，梦魂不到关山难。\n长相思，摧心肝！ ', 3, '', '李白'),
(119, '望月有感', '时难年荒世业空，弟兄羁旅各西东。\n田园寥落干戈后，骨肉流离道路中。\n吊影分为千里雁，辞根散作九秋蓬。\n共看明月应垂泪，一夜乡心五处同。', 3, '', '白居易'),
(120, ' 登金陵凤凰台', '凤凰台上凤凰游，凤去台空江自流。\n吴宫花草埋幽径，晋代衣冠成古丘。\n三山半落青天外，二水中分白鹭洲。\n总为浮云能蔽日，长安不见使人愁。 ', 3, '', '李白'),
(121, ' 九月十日即事', '昨日登高罢，今朝更举觞。\n菊花何太苦，遭此两重阳？ ', 1, '', '李白'),
(122, ' 田家元日', '昨夜斗回北，今朝岁起东。\n我年已强仕，无禄尚忧农。\n桑野就耕父，荷锄随牧童。\n田家占气候，共说此年丰。 ', 2, '', '孟浩然'),
(123, ' 月夜', '今夜鄜州月，闺中只独看。遥怜小儿女，未解忆长安。\n香雾云鬟湿，清辉玉臂寒。何时倚虚幌，双照泪痕干。 ', 2, '', '杜甫'),
(124, ' 新年作', '乡心新岁切，天畔独潸然。老至居人下，春归在客先。\n岭猿同旦暮，江柳共风烟。已似长沙傅，从今又几年。 ', 2, '', '刘长卿'),
(125, ' 出塞二首', '秦时明月汉时关，万里长征人未还。\n但使龙城飞将在，不教胡马度阴山。\n\n骝马新跨白玉鞍，战罢沙场月色寒。\n城头铁鼓声犹振，匣里金刀血未干。', 3, '', '王昌龄'),
(126, ' 回乡偶书二首', '少小离家老大回，乡音无改鬓毛衰。\n儿童相见不相识，笑问客从何处来。\n\n离别家乡岁月多，近来人事半消磨。\n唯有门前镜湖水，春风不改旧时波。', 3, '', '贺知章'),
(127, ' 寒食野望吟', '乌啼鹊噪昏乔木，清明寒食谁家哭。\n风吹旷野纸钱飞，古墓垒垒春草绿。\n棠梨花映白杨树，尽是死生别离处。\n冥冥重泉哭不闻，萧萧暮雨人归去。 ', 3, '', '白居易'),
(128, ' 菩提偈', '菩提本无树，明镜亦非台。\n佛性常清净，何处有尘埃！\n\n心是菩提树，身为明镜台。\n明镜本清净，何处染尘埃！\n\n菩提本无树，明镜亦非台。\n本来无一物，何处惹尘埃！\n\n菩提只向心觅，何劳向外求玄？\n听说依此修行，西方只在目前！', 3, '', '惠能'),
(129, ' 观猎', '风劲角弓鸣，将军猎渭城。草枯鹰眼疾，雪尽马蹄轻。\n忽过新丰市，还归细柳营。回看射雕处，千里暮云平。 ', 2, '', '王维'),
(130, ' 侠客行', '赵客缦胡缨，吴钩霜雪明。\n银鞍照白马，飒沓如流星。\n十步杀一人，千里不留行。\n事了拂衣去，深藏身与名。\n闲过信陵饮，脱剑膝前横。\n将炙啖朱亥，持觞劝侯嬴。\n三杯吐然诺，五岳倒为轻。\n眼花耳热后，意气素霓生。\n救赵挥金槌，邯郸先震惊。\n千秋二壮士，烜赫大梁城。\n纵死侠骨香，不惭世上英。\n谁能书阁下，白首太玄经。', 3, '', '李白'),
(131, ' 无题二首', '昨夜星辰昨夜风，画楼西畔桂堂东。\n身无彩凤双飞翼，心有灵犀一点通。\n隔座送钩春酒暖，分曹射覆蜡灯红。\n嗟余听鼓应官去，走马兰台类转蓬。\n闻道阊门萼绿华，昔年相望抵天涯。\n岂知一夜秦楼客，偷看吴王苑内花。 ', 3, '', '李商隐'),
(132, '忆秦娥·与君别', '与君别。相思一夜梅花发。梅花发。凄凉南浦，断桥斜月。\n盈盈微步凌波袜。东风笑倚天涯阔。天涯阔。一声羌管，暮云愁绝。', 2, '', '房舜卿'),
(133, ' 涉江采芙蓉', '涉江采芙蓉，兰泽多芳草。\n采之欲遗谁，所思在远道。\n还顾望旧乡，长路漫浩浩。\n同心而离居，忧伤以终老。', 2, '', '佚名'),
(134, ' 相鼠', '相鼠有皮，人而无仪！人而无仪，不死何为？\n相鼠有齿，人而无止！人而无止，不死何俟？\n相鼠有体，人而无礼，人而无礼！胡不遄死？', 2, '', '佚名'),
(136, '商山早行', '晨起动征铎，客行悲故乡。\n鸡声茅店月，人迹板桥霜。\n槲叶落山路，枳花明驿墙。\n因思杜陵梦，凫雁满回塘。', 2, '', '温庭筠'),
(137, ' 清明日', '清娥画扇中，春树郁金红。出犯繁花露，归穿弱柳风。\n马骄偏避幰，鸡骇乍开笼。柘弹何人发，黄鹂隔故宫。 ', 2, '', '温庭筠'),
(138, ' 清明即事', '帝里重清明，人心自愁思。车声上路合，柳色东城翠。\n花落草齐生，莺飞蝶双戏。空堂坐相忆，酌茗聊代醉。 ', 2, '', '孟浩然'),
(139, ' 别州民', '耆老遮归路，壶浆满别筵。\n甘棠无一树，那得泪潸然。\n税重多贫户，农饥足旱田。\n唯留一湖水，与汝救凶年。 ', 2, '', '白居易'),
(140, '七步诗', '煮豆持作羹，\n漉菽以为汁。\n萁在釜下燃，\n豆在釜中泣。\n本是同根生，\n相煎何太急？', 1, '', '曹植'),
(141, ' 终南山', '太乙近天都，连山接海隅。白云回望合，青霭入看无。\n分野中峰变，阴晴众壑殊。欲投人处宿，隔水问樵夫。', 2, '', '王维'),
(142, '天空', '太疯狂时间啊六块腹肌卡萨李方军快来撒积分卡埃及看进阿飞卡萨积分卡李撒娇封口费及阿里放假啊了解', 4, '', ''),
(143, '山海经', '\n南山经之首曰鹊山。其首曰招摇之山，临于西海之上，多桂，多金玉。有草焉，其状如韭而青华，其名曰祝余，食之不饥。有木焉，其状如谷而黑理，其华四照，其名曰迷榖，佩之不迷。有兽焉，其状如禺而白耳，伏行人走，其名曰狌狌，食之善走。丽麂之水出焉，而西流注于海，其中多育沛，佩之无瘕疾。\n', 3, '', '');

-- --------------------------------------------------------

--
-- 表的结构 `record`
--

CREATE TABLE IF NOT EXISTS `record` (
  `id` int(6) NOT NULL COMMENT '记录id',
  `uname` varchar(128) NOT NULL COMMENT '用户名称',
  `pid` int(6) NOT NULL COMMENT '诗词id',
  `times` int(2) NOT NULL DEFAULT '1' COMMENT '答题次数',
  `lastcorrect` int(3) NOT NULL,
  `lastanswer` varchar(1024) NOT NULL DEFAULT '' COMMENT '最后一次的答题结果',
  `lasttime` timestamp NULL DEFAULT NULL ON UPDATE CURRENT_TIMESTAMP COMMENT '最后答题时间'
) ENGINE=InnoDB AUTO_INCREMENT=26 DEFAULT CHARSET=utf8;

--
-- 转存表中的数据 `record`
--

INSERT INTO `record` (`id`, `uname`, `pid`, `times`, `lastcorrect`, `lastanswer`, `lasttime`) VALUES
(2, 'admin', 1, 3, 0, '[{"char":"春","rdx":"r11","idx":"0"},{"char":"眠","rdx":"r13","idx":"1"},{"char":"不","rdx":"r15","idx":"2"},{"char":"鸟","rdx":"r24","idx":"9"},{"char":"夜","rdx":"r27","idx":"10"},{"char":"来","rdx":"r25","idx":"11"},{"char":"风","rdx":"r28","idx":"12"},{"char":"雨","rdx":"r26","idx":"13"},{"char":"声","rdx":"r17","idx":"14"},{"char":"花","rdx":"r18","idx":"15"},{"char":"落","rdx":"r2","idx":"16"},{"char":"知","rdx":"r7","idx":"17"},{"char":"多","rdx":"r20","idx":"18"},{"char":"少","rdx":"r19","idx":"19"}]', '2016-01-28 05:40:55'),
(3, 'zengni627@qq.com', 1, 3, 0, '[{"char":"春","rdx":"r11","idx":"0"},{"char":"眠","rdx":"r13","idx":"1"},{"char":"不","rdx":"r15","idx":"2"},{"char":"觉","rdx":"r21","idx":"3"},{"char":"啼","rdx":"r22","idx":"8"},{"char":"鸟","rdx":"r24","idx":"9"},{"char":"夜","rdx":"r27","idx":"10"},{"char":"来","rdx":"r25","idx":"11"},{"char":"风","rdx":"r28","idx":"12"},{"char":"雨","rdx":"r26","idx":"13"},{"char":"声","rdx":"r17","idx":"14"},{"char":"花","rdx":"r18","idx":"15"},{"char":"落","rdx":"r2","idx":"16"},{"char":"知","rdx":"r7","idx":"17"},{"char":"多","rdx":"r20","idx":"18"},{"char":"少","rdx":"r19","idx":"19"}]', NULL),
(4, 'zengni627@qq.com', 3, 3, 0, '[]', NULL),
(5, 'admin', 4, 3, 0, '[{"char":"空","rdx":"r12","idx":"0"},{"char":"山","rdx":"r11","idx":"1"},{"char":"不","rdx":"r27","idx":"2"},{"char":"见","rdx":"r1","idx":"3"},{"char":"人","rdx":"r13","idx":"4"},{"char":"但","rdx":"r15","idx":"5"},{"char":"闻","rdx":"r18","idx":"6"},{"char":"人","rdx":"r14","idx":"7"},{"char":"语","rdx":"r22","idx":"8"},{"char":"响","rdx":"r21","idx":"9"},{"char":"返","rdx":"r23","idx":"10"},{"char":"青","rdx":"r16","idx":"17"},{"char":"苔","rdx":"r6","idx":"18"},{"char":"上","rdx":"r10","idx":"19"}]', NULL),
(6, 'admin', 3, 3, 0, '[{"char":"尽","rdx":"r17","idx":"4"},{"char":"黄","rdx":"r27","idx":"5"},{"char":"河","rdx":"r26","idx":"6"},{"char":"入","rdx":"r28","idx":"7"},{"char":"海","rdx":"r25","idx":"8"},{"char":"流","rdx":"r18","idx":"9"},{"char":"欲","rdx":"r19","idx":"10"},{"char":"穷","rdx":"r21","idx":"11"},{"char":"千","rdx":"r22","idx":"12"},{"char":"里","rdx":"r24","idx":"13"},{"char":"目","rdx":"r23","idx":"14"},{"char":"更","rdx":"r15","idx":"15"},{"char":"上","rdx":"r16","idx":"16"},{"char":"一","rdx":"r2","idx":"17"},{"char":"层","rdx":"r7","idx":"18"},{"char":"楼","rdx":"r20","idx":"19"}]', '2016-01-30 11:41:44'),
(7, '2975469071@qq.com', 13, 3, 0, '[]', NULL),
(8, '18059207728', 1, 3, 0, '[{"char":"春","rdx":"r12","idx":"0"},{"char":"眠","rdx":"r11","idx":"1"},{"char":"不","rdx":"r15","idx":"2"},{"char":"觉","rdx":"r18","idx":"3"},{"char":"晓","rdx":"r16","idx":"4"},{"char":"处","rdx":"r22","idx":"5"},{"char":"处","rdx":"r21","idx":"6"},{"char":"闻","rdx":"r23","idx":"7"},{"char":"啼","rdx":"r28","idx":"8"},{"char":"鸟","rdx":"r24","idx":"9"},{"char":"夜","rdx":"r13","idx":"10"},{"char":"来","rdx":"r14","idx":"11"},{"char":"风","rdx":"r26","idx":"12"},{"char":"雨","rdx":"r25","idx":"13"},{"char":"多","rdx":"r5","idx":"18"},{"char":"少","rdx":"r1","idx":"19"}]', '2016-01-31 08:05:22'),
(9, '18059207728', 4, 3, 0, '[{"char":"空","rdx":"r12","idx":"0"},{"char":"山","rdx":"r11","idx":"1"},{"char":"不","rdx":"r27","idx":"2"},{"char":"见","rdx":"r1","idx":"3"},{"char":"人","rdx":"r13","idx":"4"},{"char":"但","rdx":"r15","idx":"5"},{"char":"闻","rdx":"r18","idx":"6"},{"char":"人","rdx":"r14","idx":"7"},{"char":"入","rdx":"r28","idx":"12"},{"char":"深","rdx":"r19","idx":"13"},{"char":"林","rdx":"r5","idx":"14"},{"char":"复","rdx":"r25","idx":"15"},{"char":"照","rdx":"r26","idx":"16"},{"char":"青","rdx":"r16","idx":"17"},{"char":"苔","rdx":"r6","idx":"18"},{"char":"上","rdx":"r10","idx":"19"}]', NULL),
(10, '18906001214', 20, 3, 24, '[{"char":"秦","rdx":"r12","idx":"0"},{"char":"时","rdx":"r11","idx":"1"},{"char":"明","rdx":"r15","idx":"2"},{"char":"月","rdx":"r16","idx":"3"},{"char":"汉","rdx":"r27","idx":"4"},{"char":"关","rdx":"r17","idx":"6"},{"char":"万","rdx":"r25","idx":"7"},{"char":"里","rdx":"r26","idx":"8"},{"char":"长","rdx":"r28","idx":"9"},{"char":"征","rdx":"r20","idx":"10"},{"char":"人","rdx":"r22","idx":"11"},{"char":"未","rdx":"r24","idx":"12"},{"char":"还","rdx":"r23","idx":"13"},{"char":"但","rdx":"r21","idx":"14"},{"char":"使","rdx":"r35","idx":"15"},{"char":"龙","rdx":"r36","idx":"16"},{"char":"不","rdx":"r5","idx":"21"},{"char":"教","rdx":"r10","idx":"22"},{"char":"胡","rdx":"r7","idx":"23"},{"char":"马","rdx":"r2","idx":"24"},{"char":"渡","rdx":"r19","idx":"25"},{"char":"阴","rdx":"r14","idx":"26"},{"char":"山","rdx":"r13","idx":"27"},{"char":"时","rdx":"r18","idx":"5"},{"char":"城","rdx":"r33","idx":"17"},{"char":"飞","rdx":"r34","idx":"18"},{"char":"将","rdx":"r31","idx":"19"},{"char":"在","rdx":"r32","idx":"20"}]', NULL),
(11, '18906001214', 31, 3, 24, '[{"char":"宣","rdx":"r27","idx":"0"},{"char":"室","rdx":"r17","idx":"1"},{"char":"求","rdx":"r18","idx":"2"},{"char":"贤","rdx":"r19","idx":"3"},{"char":"访","rdx":"r20","idx":"4"},{"char":"逐","rdx":"r28","idx":"5"},{"char":"臣","rdx":"r25","idx":"6"},{"char":"贾","rdx":"r26","idx":"7"},{"char":"生","rdx":"r14","idx":"8"},{"char":"才","rdx":"r12","idx":"9"},{"char":"调","rdx":"r11","idx":"10"},{"char":"更","rdx":"r15","idx":"11"},{"char":"无","rdx":"r21","idx":"12"},{"char":"伦","rdx":"r16","idx":"13"},{"char":"可","rdx":"r22","idx":"14"},{"char":"前","rdx":"r30","idx":"19"},{"char":"席","rdx":"r36","idx":"20"},{"char":"不","rdx":"r35","idx":"21"},{"char":"问","rdx":"r1","idx":"22"},{"char":"苍","rdx":"r6","idx":"23"},{"char":"生","rdx":"r5","idx":"24"},{"char":"问","rdx":"r10","idx":"25"},{"char":"鬼","rdx":"r7","idx":"26"},{"char":"神","rdx":"r2","idx":"27"},{"char":"怜","rdx":"r23","idx":"15"},{"char":"夜","rdx":"r24","idx":"16"},{"char":"半","rdx":"r29","idx":"17"},{"char":"虚","rdx":"r13","idx":"18"}]', NULL),
(12, '18695626236', 19, 3, 0, '[{"char":"故","rdx":"r12","idx":"0"},{"char":"人","rdx":"r11","idx":"1"},{"char":"西","rdx":"r14","idx":"2"},{"char":"辞","rdx":"r13","idx":"3"},{"char":"黄","rdx":"r29","idx":"4"},{"char":"鹤","rdx":"r30","idx":"5"},{"char":"楼","rdx":"r27","idx":"6"},{"char":"烟","rdx":"r26","idx":"7"},{"char":"花","rdx":"r25","idx":"8"},{"char":"三","rdx":"r15","idx":"9"},{"char":"月","rdx":"r16","idx":"10"},{"char":"下","rdx":"r22","idx":"11"},{"char":"扬","rdx":"r24","idx":"12"},{"char":"州","rdx":"r23","idx":"13"},{"char":"孤","rdx":"r28","idx":"14"},{"char":"帆","rdx":"r36","idx":"15"},{"char":"远","rdx":"r35","idx":"16"},{"char":"影","rdx":"r1","idx":"17"},{"char":"碧","rdx":"r6","idx":"18"},{"char":"空","rdx":"r10","idx":"19"},{"char":"尽","rdx":"r5","idx":"20"},{"char":"惟","rdx":"r21","idx":"21"},{"char":"际","rdx":"r7","idx":"26"},{"char":"流","rdx":"r2","idx":"27"}]', NULL),
(13, '13600902596', 1, 3, 17, '[{"char":"春","rdx":"r12","idx":"0"},{"char":"眠","rdx":"r11","idx":"1"},{"char":"处","rdx":"r21","idx":"6"},{"char":"闻","rdx":"r23","idx":"7"},{"char":"啼","rdx":"r28","idx":"8"},{"char":"鸟","rdx":"r24","idx":"9"},{"char":"夜","rdx":"r13","idx":"10"},{"char":"来","rdx":"r14","idx":"11"},{"char":"风","rdx":"r26","idx":"12"},{"char":"雨","rdx":"r25","idx":"13"},{"char":"声","rdx":"r27","idx":"14"},{"char":"花","rdx":"r6","idx":"15"},{"char":"落","rdx":"r10","idx":"16"},{"char":"知","rdx":"r19","idx":"17"},{"char":"多","rdx":"r5","idx":"18"},{"char":"少","rdx":"r1","idx":"19"},{"char":"不","rdx":"r15","idx":"2"},{"char":"觉","rdx":"r16","idx":"3"},{"char":"晓","rdx":"r22","idx":"4"},{"char":"处","rdx":"r18","idx":"5"}]', '2016-01-31 08:24:26'),
(14, '13806067218', 22, 3, 26, '[{"char":"碧","rdx":"r12","idx":"0"},{"char":"玉","rdx":"r11","idx":"1"},{"char":"妆","rdx":"r27","idx":"2"},{"char":"成","rdx":"r17","idx":"3"},{"char":"一","rdx":"r18","idx":"4"},{"char":"树","rdx":"r19","idx":"5"},{"char":"高","rdx":"r28","idx":"6"},{"char":"万","rdx":"r26","idx":"7"},{"char":"条","rdx":"r25","idx":"8"},{"char":"垂","rdx":"r15","idx":"9"},{"char":"下","rdx":"r16","idx":"10"},{"char":"绿","rdx":"r22","idx":"11"},{"char":"丝","rdx":"r20","idx":"12"},{"char":"绦","rdx":"r21","idx":"13"},{"char":"不","rdx":"r5","idx":"14"},{"char":"知","rdx":"r1","idx":"15"},{"char":"细","rdx":"r6","idx":"16"},{"char":"叶","rdx":"r10","idx":"17"},{"char":"谁","rdx":"r30","idx":"18"},{"char":"裁","rdx":"r35","idx":"19"},{"char":"出","rdx":"r36","idx":"20"},{"char":"二","rdx":"r24","idx":"21"},{"char":"月","rdx":"r23","idx":"22"},{"char":"春","rdx":"r13","idx":"23"},{"char":"风","rdx":"r14","idx":"24"},{"char":"似","rdx":"r29","idx":"25"},{"char":"剪","rdx":"r2","idx":"26"},{"char":"刀","rdx":"r7","idx":"27"}]', '2016-01-31 08:27:46'),
(15, '13306048630', 25, 3, 24, '[{"char":"清","rdx":"r12","idx":"0"},{"char":"明","rdx":"r11","idx":"1"},{"char":"时","rdx":"r15","idx":"2"},{"char":"节","rdx":"r21","idx":"3"},{"char":"雨","rdx":"r16","idx":"4"},{"char":"纷","rdx":"r22","idx":"5"},{"char":"纷","rdx":"r20","idx":"6"},{"char":"路","rdx":"r28","idx":"7"},{"char":"断","rdx":"r23","idx":"12"},{"char":"魂","rdx":"r19","idx":"13"},{"char":"借","rdx":"r10","idx":"14"},{"char":"问","rdx":"r5","idx":"15"},{"char":"酒","rdx":"r18","idx":"16"},{"char":"家","rdx":"r17","idx":"17"},{"char":"何","rdx":"r13","idx":"18"},{"char":"处","rdx":"r14","idx":"19"},{"char":"有","rdx":"r30","idx":"20"},{"char":"牧","rdx":"r29","idx":"21"},{"char":"童","rdx":"r1","idx":"22"},{"char":"遥","rdx":"r35","idx":"23"},{"char":"指","rdx":"r36","idx":"24"},{"char":"杏","rdx":"r6","idx":"25"},{"char":"花","rdx":"r7","idx":"26"},{"char":"村","rdx":"r2","idx":"27"},{"char":"行","rdx":"r24","idx":"9"},{"char":"人","rdx":"r25","idx":"10"},{"char":"欲","rdx":"r26","idx":"11"},{"char":"上","rdx":"r34","idx":"8"}]', NULL),
(16, '13338456450', 11, 2, 0, '[object Object],[object Object],[object Object],[object Object],[object Object],[object Object],[object Object],[object Object],[object Object],[object Object],[object Object],[object Object],[object Object],[object Object],[object Object],[object Object],[object Object],[object Object],[object Object],[object Object]', '2016-01-31 08:51:51'),
(17, '18906001214', 7, 3, 16, '[{"char":"向","rdx":"r12","idx":"0"},{"char":"晚","rdx":"r11","idx":"1"},{"char":"意","rdx":"r15","idx":"2"},{"char":"不","rdx":"r21","idx":"3"},{"char":"适","rdx":"r16","idx":"4"},{"char":"驱","rdx":"r22","idx":"5"},{"char":"车","rdx":"r24","idx":"6"},{"char":"登","rdx":"r23","idx":"7"},{"char":"古","rdx":"r19","idx":"8"},{"char":"原","rdx":"r18","idx":"9"},{"char":"夕","rdx":"r13","idx":"10"},{"char":"阳","rdx":"r14","idx":"11"},{"char":"无","rdx":"r26","idx":"12"},{"char":"限","rdx":"r28","idx":"13"},{"char":"好","rdx":"r25","idx":"14"},{"char":"只","rdx":"r27","idx":"15"},{"char":"是","rdx":"r17","idx":"16"},{"char":"近","rdx":"r20","idx":"17"},{"char":"黄","rdx":"r2","idx":"18"},{"char":"昏","rdx":"r7","idx":"19"}]', '2016-01-31 08:43:54'),
(18, '13338456450', 13, 2, 5, '[object Object],[object Object],[object Object],[object Object],[object Object],[object Object],[object Object],[object Object],[object Object],[object Object],[object Object],[object Object],[object Object],[object Object],[object Object],[object Object],[object Object],[object Object],[object Object],[object Object],[object Object],[object Object],[object Object],[object Object],[object Object],[object Object],[object Object],[object Object],[object Object],[object Object]', '2016-01-31 08:49:16'),
(19, '13507581016', 25, 3, 24, '[{"char":"清","rdx":"r12","idx":"0"},{"char":"明","rdx":"r11","idx":"1"},{"char":"时","rdx":"r15","idx":"2"},{"char":"节","rdx":"r21","idx":"3"},{"char":"雨","rdx":"r16","idx":"4"},{"char":"纷","rdx":"r22","idx":"5"},{"char":"纷","rdx":"r20","idx":"6"},{"char":"路","rdx":"r28","idx":"7"},{"char":"上","rdx":"r25","idx":"8"},{"char":"行","rdx":"r27","idx":"9"},{"char":"人","rdx":"r26","idx":"10"},{"char":"欲","rdx":"r24","idx":"11"},{"char":"酒","rdx":"r18","idx":"16"},{"char":"家","rdx":"r17","idx":"17"},{"char":"何","rdx":"r13","idx":"18"},{"char":"处","rdx":"r14","idx":"19"},{"char":"有","rdx":"r30","idx":"20"},{"char":"牧","rdx":"r29","idx":"21"},{"char":"童","rdx":"r1","idx":"22"},{"char":"遥","rdx":"r35","idx":"23"},{"char":"指","rdx":"r36","idx":"24"},{"char":"村","rdx":"r2","idx":"27"},{"char":"断","rdx":"r23","idx":"12"},{"char":"魂","rdx":"r19","idx":"13"},{"char":"花","rdx":"r6","idx":"26"},{"char":"杏","rdx":"r7","idx":"25"},{"char":"借","rdx":"r34","idx":"14"},{"char":"问","rdx":"r33","idx":"15"}]', NULL),
(20, 'test2', 20, 3, 24, '[{"char":"秦","rdx":"r12","idx":"0"},{"char":"时","rdx":"r11","idx":"1"},{"char":"明","rdx":"r15","idx":"2"},{"char":"月","rdx":"r16","idx":"3"},{"char":"汉","rdx":"r27","idx":"4"},{"char":"关","rdx":"r17","idx":"6"},{"char":"万","rdx":"r25","idx":"7"},{"char":"里","rdx":"r26","idx":"8"},{"char":"长","rdx":"r28","idx":"9"},{"char":"征","rdx":"r20","idx":"10"},{"char":"人","rdx":"r22","idx":"11"},{"char":"未","rdx":"r24","idx":"12"},{"char":"还","rdx":"r23","idx":"13"},{"char":"但","rdx":"r21","idx":"14"},{"char":"使","rdx":"r35","idx":"15"},{"char":"龙","rdx":"r36","idx":"16"},{"char":"城","rdx":"r6","idx":"17"},{"char":"飞","rdx":"r30","idx":"18"},{"char":"将","rdx":"r29","idx":"19"},{"char":"马","rdx":"r2","idx":"24"},{"char":"渡","rdx":"r19","idx":"25"},{"char":"阴","rdx":"r14","idx":"26"},{"char":"山","rdx":"r13","idx":"27"},{"char":"时","rdx":"r18","idx":"5"},{"char":"不","rdx":"r8","idx":"21"},{"char":"胡","rdx":"r10","idx":"23"},{"char":"教","rdx":"r34","idx":"22"},{"char":"在","rdx":"r5","idx":"20"}]', NULL),
(21, 'test2', 4, 3, 0, '[{"char":"空","rdx":"r12","idx":"0"},{"char":"山","rdx":"r11","idx":"1"},{"char":"不","rdx":"r27","idx":"2"},{"char":"见","rdx":"r1","idx":"3"},{"char":"人","rdx":"r13","idx":"4"},{"char":"但","rdx":"r15","idx":"5"},{"char":"闻","rdx":"r18","idx":"6"},{"char":"人","rdx":"r14","idx":"7"},{"char":"入","rdx":"r28","idx":"12"},{"char":"深","rdx":"r19","idx":"13"},{"char":"林","rdx":"r5","idx":"14"},{"char":"复","rdx":"r25","idx":"15"},{"char":"照","rdx":"r26","idx":"16"},{"char":"青","rdx":"r16","idx":"17"},{"char":"苔","rdx":"r6","idx":"18"},{"char":"上","rdx":"r10","idx":"19"}]', NULL),
(22, 'test2', 5, 3, 17, '[{"char":"千","rdx":"r12","idx":"0"},{"char":"山","rdx":"r11","idx":"1"},{"char":"径","rdx":"r24","idx":"6"},{"char":"人","rdx":"r23","idx":"7"},{"char":"踪","rdx":"r28","idx":"8"},{"char":"灭","rdx":"r27","idx":"9"},{"char":"孤","rdx":"r14","idx":"10"},{"char":"舟","rdx":"r26","idx":"11"},{"char":"蓑","rdx":"r7","idx":"12"},{"char":"笠","rdx":"r2","idx":"13"},{"char":"翁","rdx":"r25","idx":"14"},{"char":"独","rdx":"r13","idx":"15"},{"char":"钓","rdx":"r17","idx":"16"},{"char":"寒","rdx":"r18","idx":"17"},{"char":"江","rdx":"r19","idx":"18"},{"char":"雪","rdx":"r20","idx":"19"},{"char":"万","rdx":"r22","idx":"5"},{"char":"绝","rdx":"r36","idx":"4"},{"char":"飞","rdx":"r35","idx":"3"},{"char":"鸟","rdx":"r21","idx":"2"}]', NULL),
(23, '13507581016', 19, 3, 26, '[{"char":"故","rdx":"r12","idx":"0"},{"char":"人","rdx":"r11","idx":"1"},{"char":"西","rdx":"r14","idx":"2"},{"char":"辞","rdx":"r13","idx":"3"},{"char":"黄","rdx":"r29","idx":"4"},{"char":"鹤","rdx":"r30","idx":"5"},{"char":"楼","rdx":"r27","idx":"6"},{"char":"烟","rdx":"r26","idx":"7"},{"char":"花","rdx":"r25","idx":"8"},{"char":"州","rdx":"r23","idx":"13"},{"char":"孤","rdx":"r28","idx":"14"},{"char":"帆","rdx":"r36","idx":"15"},{"char":"远","rdx":"r35","idx":"16"},{"char":"影","rdx":"r1","idx":"17"},{"char":"碧","rdx":"r6","idx":"18"},{"char":"空","rdx":"r10","idx":"19"},{"char":"尽","rdx":"r5","idx":"20"},{"char":"惟","rdx":"r21","idx":"21"},{"char":"见","rdx":"r20","idx":"22"},{"char":"长","rdx":"r19","idx":"23"},{"char":"江","rdx":"r18","idx":"24"},{"char":"天","rdx":"r17","idx":"25"},{"char":"际","rdx":"r7","idx":"26"},{"char":"流","rdx":"r2","idx":"27"},{"char":"三","rdx":"r16","idx":"9"},{"char":"月","rdx":"r15","idx":"10"},{"char":"下","rdx":"r22","idx":"11"},{"char":"扬","rdx":"r24","idx":"12"}]', NULL),
(24, '13507581016', 1, 3, 16, '[{"char":"春","rdx":"r12","idx":"0"},{"char":"眠","rdx":"r11","idx":"1"},{"char":"不","rdx":"r15","idx":"2"},{"char":"觉","rdx":"r18","idx":"3"},{"char":"晓","rdx":"r16","idx":"4"},{"char":"处","rdx":"r22","idx":"5"},{"char":"处","rdx":"r21","idx":"6"},{"char":"闻","rdx":"r23","idx":"7"},{"char":"啼","rdx":"r28","idx":"8"},{"char":"鸟","rdx":"r24","idx":"9"},{"char":"声","rdx":"r27","idx":"14"},{"char":"花","rdx":"r6","idx":"15"},{"char":"落","rdx":"r10","idx":"16"},{"char":"知","rdx":"r19","idx":"17"},{"char":"多","rdx":"r5","idx":"18"},{"char":"少","rdx":"r1","idx":"19"},{"char":"夜","rdx":"r14","idx":"10"},{"char":"来","rdx":"r13","idx":"11"},{"char":"风","rdx":"r25","idx":"12"},{"char":"雨","rdx":"r26","idx":"13"}]', NULL),
(25, '2975469071@qq.com', 11, 1, 18, '[object Object],[object Object],[object Object],[object Object],[object Object],[object Object],[object Object],[object Object],[object Object],[object Object],[object Object],[object Object],[object Object],[object Object],[object Object],[object Object],[object Object],[object Object],[object Object],[object Object]', NULL);

-- --------------------------------------------------------

--
-- 表的结构 `sys_config`
--

CREATE TABLE IF NOT EXISTS `sys_config` (
  `id` int(6) NOT NULL,
  `pkey` varchar(128) NOT NULL,
  `pval` varchar(128) NOT NULL
) ENGINE=InnoDB AUTO_INCREMENT=2 DEFAULT CHARSET=utf8;

--
-- 转存表中的数据 `sys_config`
--

INSERT INTO `sys_config` (`id`, `pkey`, `pval`) VALUES
(1, 'intro.fill.num', '4');

-- --------------------------------------------------------

--
-- 表的结构 `user`
--

CREATE TABLE IF NOT EXISTS `user` (
  `uname` varchar(128) NOT NULL DEFAULT '' COMMENT '用户名称',
  `password` varchar(128) NOT NULL COMMENT '用户密码',
  `regdate` timestamp NULL DEFAULT NULL ON UPDATE CURRENT_TIMESTAMP COMMENT '注册时间',
  `score` int(6) DEFAULT '0',
  `usertype` int(4) NOT NULL DEFAULT '0'
) ENGINE=InnoDB DEFAULT CHARSET=utf8;

--
-- 转存表中的数据 `user`
--

INSERT INTO `user` (`uname`, `password`, `regdate`, `score`, `usertype`) VALUES
('13306048630', 'xiaojun6755', '2016-01-31 08:27:51', 48, 0),
('13338456450', 'xiaoqun6755ab', '2016-01-31 08:49:16', 16, 0),
('13507581016', '581016', '2016-02-06 06:19:35', 132, 0),
('13600902596', '5919030', '2016-01-31 08:19:45', 30, 0),
('13806061954', '223344', NULL, 0, 0),
('13806067218', '067218', '2016-01-31 08:27:14', 52, 0),
('13901074167', '123456', NULL, 0, 0),
('15546938490', '296899', NULL, 0, 0),
('15727301970', '123456', NULL, 0, 0),
('15727301971', '123456', NULL, 0, 0),
('15959288160', '5938683', NULL, 0, 0),
('18059207728', 'love511186', NULL, 0, 0),
('18205919137', '5711xwxx', NULL, 0, 0),
('18206062067', 'tian98ming', NULL, 0, 0),
('18576785622', 'lebron23', NULL, 0, 0),
('18695626236', '123555', NULL, 0, 0),
('18906001214', '121400', '2016-01-31 08:06:01', 96, 0),
('2975469071@qq.com', '29689', '2016-02-10 10:34:34', 36, 0),
('admin', 'admin', '2016-01-29 01:17:36', 45, 1),
('garden', '123', '2016-01-29 01:17:38', 0, 1),
('gardenzjd@163.com', '123456', NULL, 0, 0),
('test', '123', NULL, 0, 1),
('test2', 'test', '2016-02-02 03:25:36', 82, 1),
('test3', '123', NULL, 0, 0),
('zengni627@qq.com', '123456', NULL, 0, 0);

--
-- Indexes for dumped tables
--

--
-- Indexes for table `jiudinchar`
--
ALTER TABLE `jiudinchar`
  ADD PRIMARY KEY (`id`),
  ADD UNIQUE KEY `name` (`name`);

--
-- Indexes for table `jiudinrecord`
--
ALTER TABLE `jiudinrecord`
  ADD PRIMARY KEY (`pid`,`uname`),
  ADD KEY `pid` (`pid`) USING BTREE;

--
-- Indexes for table `poem`
--
ALTER TABLE `poem`
  ADD PRIMARY KEY (`id`),
  ADD UNIQUE KEY `title` (`title`),
  ADD KEY `type` (`type`) USING HASH;

--
-- Indexes for table `record`
--
ALTER TABLE `record`
  ADD PRIMARY KEY (`id`);

--
-- Indexes for table `sys_config`
--
ALTER TABLE `sys_config`
  ADD PRIMARY KEY (`id`);

--
-- Indexes for table `user`
--
ALTER TABLE `user`
  ADD PRIMARY KEY (`uname`);

--
-- AUTO_INCREMENT for dumped tables
--

--
-- AUTO_INCREMENT for table `jiudinchar`
--
ALTER TABLE `jiudinchar`
  MODIFY `id` int(6) NOT NULL AUTO_INCREMENT COMMENT 'id';
--
-- AUTO_INCREMENT for table `poem`
--
ALTER TABLE `poem`
  MODIFY `id` int(6) NOT NULL AUTO_INCREMENT,AUTO_INCREMENT=144;
--
-- AUTO_INCREMENT for table `record`
--
ALTER TABLE `record`
  MODIFY `id` int(6) NOT NULL AUTO_INCREMENT COMMENT '记录id',AUTO_INCREMENT=26;
--
-- AUTO_INCREMENT for table `sys_config`
--
ALTER TABLE `sys_config`
  MODIFY `id` int(6) NOT NULL AUTO_INCREMENT,AUTO_INCREMENT=2;
/*!40101 SET CHARACTER_SET_CLIENT=@OLD_CHARACTER_SET_CLIENT */;
/*!40101 SET CHARACTER_SET_RESULTS=@OLD_CHARACTER_SET_RESULTS */;
/*!40101 SET COLLATION_CONNECTION=@OLD_COLLATION_CONNECTION */;
